"Ano","Trimestre","UF","V1022","V2007","V2009","V2010","VD2003","VD3005","VD4016"
"2021","1","Ceará","Urbana","Homem",80,"Branca",2,"16 anos ou mais de estudo",NA
"2021","1","Distrito Federal","Urbana","Mulher",19,"Parda",4,"11 anos de estudo",NA
"2021","1","Pernambuco","Urbana","Mulher",36,"Preta",2,"12 anos de estudo",1045
"2021","1","Santa Catarina","Urbana","Homem",50,"Parda",2,"5 anos de estudo",1500
"2021","1","São Paulo","Urbana","Mulher",43,"Parda",3,"9 anos de estudo",1600
"2021","1","Goiás","Urbana","Homem",35,"Parda",3,"14 anos de estudo",3000
"2021","1","Amapá","Urbana","Homem",72,"Parda",3,"16 anos ou mais de estudo",NA
"2021","1","São Paulo","Urbana","Mulher",23,"Amarela",8,"12 anos de estudo",1200
"2021","1","Distrito Federal","Urbana","Homem",23,"Parda",5,"14 anos de estudo",1200
"2021","1","Maranhão","Rural","Homem",47,"Parda",9,"5 anos de estudo",2000
"2021","1","Rio Grande do Sul","Urbana","Homem",71,"Branca",2,"9 anos de estudo",NA
"2021","1","Mato Grosso","Rural","Homem",16,"Parda",3,"10 anos de estudo",NA
"2021","1","Bahia","Rural","Homem",48,"Parda",3,"1 ano de estudo",600
"2021","1","Maranhão","Urbana","Mulher",13,"Parda",4,"6 anos de estudo",NA
"2021","1","Alagoas","Rural","Mulher",25,"Parda",5,"5 anos de estudo",NA
"2021","1","Paraíba","Urbana","Mulher",3,"Parda",3,NA,NA
"2021","1","Espírito Santo","Urbana","Mulher",27,"Parda",4,"12 anos de estudo",NA
"2021","1","Mato Grosso","Rural","Mulher",83,"Preta",2,"3 anos de estudo",NA
"2021","1","Distrito Federal","Urbana","Mulher",55,"Preta",1,"12 anos de estudo",2300
"2021","1","Acre","Urbana","Mulher",79,"Parda",1,"9 anos de estudo",NA
"2021","1","Piauí","Rural","Mulher",14,"Parda",5,"8 anos de estudo",NA
"2021","1","Rio Grande do Sul","Urbana","Mulher",80,"Branca",2,"6 anos de estudo",NA
"2021","1","Bahia","Urbana","Homem",20,"Branca",4,"12 anos de estudo",NA
"2021","1","Maranhão","Rural","Mulher",21,"Parda",3,"12 anos de estudo",NA
"2021","1","Alagoas","Rural","Homem",22,"Parda",3,"12 anos de estudo",NA
"2021","1","Pernambuco","Urbana","Mulher",69,"Parda",4,"9 anos de estudo",NA
"2021","1","Rio de Janeiro","Urbana","Mulher",57,"Preta",2,"5 anos de estudo",1100
"2021","1","Alagoas","Urbana","Homem",27,"Branca",5,"12 anos de estudo",1400
"2021","1","Pará","Rural","Mulher",63,"Parda",2,"5 anos de estudo",NA
"2021","1","Distrito Federal","Urbana","Mulher",35,"Branca",4,"12 anos de estudo",2100
"2021","1","Maranhão","Urbana","Homem",28,"Parda",3,"4 anos de estudo",NA
"2021","1","Alagoas","Rural","Homem",41,"Branca",6,"9 anos de estudo",NA
"2021","1","Ceará","Urbana","Mulher",39,"Parda",3,"10 anos de estudo",NA
"2021","1","São Paulo","Rural","Homem",71,"Parda",4,"Sem instrução e menos de 1 ano de estudo",NA
"2021","1","Paraná","Rural","Mulher",7,"Branca",5,"1 ano de estudo",NA
"2021","1","Santa Catarina","Urbana","Homem",45,"Branca",3,"15 anos de estudo",800
"2021","1","Santa Catarina","Urbana","Homem",11,"Branca",3,"5 anos de estudo",NA
"2021","1","Bahia","Rural","Homem",9,"Branca",5,"1 ano de estudo",NA
"2021","1","São Paulo","Urbana","Mulher",48,"Branca",3,"12 anos de estudo",1200
"2021","1","Santa Catarina","Urbana","Mulher",14,"Branca",3,"8 anos de estudo",NA
"2021","1","Ceará","Rural","Mulher",48,"Parda",5,"16 anos ou mais de estudo",3000
"2021","1","Tocantins","Rural","Mulher",47,"Parda",2,"Sem instrução e menos de 1 ano de estudo",NA
"2021","1","Mato Grosso","Urbana","Mulher",5,"Parda",3,"Sem instrução e menos de 1 ano de estudo",NA
"2021","1","São Paulo","Urbana","Homem",36,"Branca",2,"16 anos ou mais de estudo",NA
"2021","1","Ceará","Urbana","Homem",25,"Parda",3,"12 anos de estudo",NA
"2021","1","São Paulo","Rural","Mulher",55,"Parda",2,"1 ano de estudo",NA
"2021","1","Rio Grande do Sul","Urbana","Homem",8,"Branca",4,"2 anos de estudo",NA
"2021","1","Goiás","Urbana","Homem",64,"Parda",3,"12 anos de estudo",NA
"2021","1","Amazonas","Urbana","Mulher",7,"Parda",4,"1 ano de estudo",NA
"2021","1","Pernambuco","Urbana","Mulher",58,"Parda",3,"6 anos de estudo",NA
"2021","1","Minas Gerais","Urbana","Homem",30,"Preta",4,"8 anos de estudo",3000
"2021","1","Mato Grosso","Urbana","Homem",1,"Parda",3,NA,NA
"2021","1","São Paulo","Rural","Mulher",18,"Parda",3,"10 anos de estudo",1100
"2021","1","Rondônia","Urbana","Homem",44,"Branca",2,"3 anos de estudo",1500
"2021","1","Espírito Santo","Urbana","Mulher",45,"Branca",4,"5 anos de estudo",600
"2021","1","Paraíba","Urbana","Mulher",17,"Parda",7,"9 anos de estudo",NA
"2021","1","Ceará","Rural","Mulher",9,"Parda",6,"3 anos de estudo",NA
"2021","1","Rondônia","Urbana","Homem",24,"Parda",4,"12 anos de estudo",1100
"2021","1","Bahia","Urbana","Homem",11,"Parda",5,"5 anos de estudo",NA
"2021","1","Maranhão","Urbana","Homem",11,"Parda",4,"4 anos de estudo",NA
"2021","1","Minas Gerais","Rural","Homem",71,"Branca",2,"5 anos de estudo",NA
"2021","1","Sergipe","Rural","Homem",75,"Parda",2,"Sem instrução e menos de 1 ano de estudo",1500
"2021","1","Paraíba","Urbana","Homem",49,"Branca",5,"12 anos de estudo",NA
"2021","1","Rio Grande do Sul","Urbana","Mulher",20,"Branca",4,"16 anos ou mais de estudo",3000
"2021","1","Amazonas","Urbana","Mulher",55,"Parda",4,"6 anos de estudo",1100
"2021","1","Santa Catarina","Urbana","Homem",31,"Branca",4,"12 anos de estudo",3400
"2021","1","Distrito Federal","Urbana","Mulher",60,"Branca",3,"12 anos de estudo",NA
"2021","1","Ceará","Rural","Homem",2,"Parda",7,NA,NA
"2021","1","São Paulo","Rural","Homem",7,"Branca",3,"2 anos de estudo",NA
"2021","1","Rio de Janeiro","Urbana","Homem",81,"Branca",1,"5 anos de estudo",NA
"2021","1","Bahia","Urbana","Mulher",68,"Parda",4,"5 anos de estudo",NA
"2021","1","Roraima","Urbana","Mulher",15,"Parda",3,"7 anos de estudo",NA
"2021","1","Mato Grosso","Urbana","Homem",31,"Branca",7,"16 anos ou mais de estudo",5500
"2021","1","Mato Grosso","Urbana","Homem",2,"Parda",4,NA,NA
"2021","1","Maranhão","Urbana","Mulher",44,"Parda",4,"Sem instrução e menos de 1 ano de estudo",NA
"2021","1","Bahia","Rural","Mulher",40,"Preta",4,"Sem instrução e menos de 1 ano de estudo",NA
"2021","1","São Paulo","Rural","Homem",49,"Branca",5,"6 anos de estudo",2500
"2021","1","Alagoas","Rural","Homem",55,"Parda",3,"6 anos de estudo",NA
"2021","1","Minas Gerais","Rural","Mulher",9,"Parda",11,"3 anos de estudo",NA
"2021","1","Maranhão","Urbana","Mulher",40,"Parda",6,"12 anos de estudo",NA
"2021","1","Paraná","Urbana","Mulher",55,"Branca",4,"16 anos ou mais de estudo",NA
"2021","1","São Paulo","Rural","Homem",0,"Branca",6,NA,NA
"2021","1","Amapá","Urbana","Homem",35,"Parda",2,"16 anos ou mais de estudo",10000
"2021","1","Paraíba","Urbana","Mulher",32,"Branca",5,"16 anos ou mais de estudo",3000
"2021","1","Acre","Urbana","Homem",7,"Parda",2,"3 anos de estudo",NA
"2021","1","Rio Grande do Sul","Rural","Mulher",63,"Branca",2,"4 anos de estudo",833
"2021","1","Pernambuco","Rural","Mulher",62,"Branca",3,"Sem instrução e menos de 1 ano de estudo",NA
"2021","1","São Paulo","Urbana","Homem",54,"Parda",2,"12 anos de estudo",1176
"2021","1","Pará","Rural","Mulher",48,"Parda",2,"6 anos de estudo",NA
"2021","1","Pernambuco","Rural","Homem",5,"Parda",4,"Sem instrução e menos de 1 ano de estudo",NA
"2021","1","Alagoas","Urbana","Mulher",46,"Branca",2,"16 anos ou mais de estudo",3500
"2021","1","Rio Grande do Sul","Urbana","Homem",49,"Branca",5,"9 anos de estudo",5000
"2021","1","Alagoas","Urbana","Mulher",20,"Branca",5,"14 anos de estudo",NA
"2021","1","Maranhão","Urbana","Mulher",90,"Preta",1,"Sem instrução e menos de 1 ano de estudo",NA
"2021","1","Santa Catarina","Urbana","Homem",16,"Branca",4,"1 ano de estudo",NA
"2021","1","Acre","Urbana","Homem",0,"Branca",5,NA,NA
"2021","1","Rio Grande do Sul","Urbana","Homem",41,"Branca",5,"12 anos de estudo",2000
"2021","1","Pará","Rural","Mulher",15,"Parda",4,"8 anos de estudo",NA
"2021","1","Pernambuco","Urbana","Homem",67,"Branca",3,"16 anos ou mais de estudo",NA
"2021","1","São Paulo","Urbana","Homem",26,"Branca",3,"15 anos de estudo",3150
"2021","1","Mato Grosso","Urbana","Homem",22,"Parda",4,"12 anos de estudo",NA
"2021","1","Espírito Santo","Urbana","Mulher",18,"Parda",2,"7 anos de estudo",200
"2021","1","Pará","Urbana","Mulher",58,"Parda",3,"12 anos de estudo",NA
"2021","1","São Paulo","Urbana","Homem",63,"Parda",2,"2 anos de estudo",NA
"2021","1","Alagoas","Urbana","Mulher",0,"Parda",4,NA,NA
"2021","1","Minas Gerais","Rural","Homem",31,"Parda",3,"4 anos de estudo",1000
"2021","1","São Paulo","Urbana","Homem",14,"Branca",4,"8 anos de estudo",500
"2021","1","Rondônia","Urbana","Mulher",39,"Parda",4,"12 anos de estudo",5000
"2021","1","São Paulo","Urbana","Mulher",34,"Parda",6,"16 anos ou mais de estudo",2000
"2021","1","Pará","Urbana","Homem",44,"Parda",5,"8 anos de estudo",1050
"2021","1","Minas Gerais","Urbana","Mulher",61,"Branca",8,"9 anos de estudo",NA
"2021","1","Mato Grosso","Urbana","Homem",48,"Parda",3,"8 anos de estudo",2000
"2021","1","Maranhão","Urbana","Homem",47,"Parda",4,"Sem instrução e menos de 1 ano de estudo",NA
"2021","1","Amazonas","Urbana","Mulher",29,"Parda",3,"12 anos de estudo",NA
"2021","1","Mato Grosso","Urbana","Mulher",43,"Preta",6,"12 anos de estudo",800
"2021","1","Distrito Federal","Urbana","Homem",65,"Preta",1,"11 anos de estudo",NA
"2021","1","Acre","Urbana","Mulher",10,"Parda",5,"5 anos de estudo",NA
"2021","1","Rio Grande do Norte","Urbana","Homem",36,"Parda",4,"12 anos de estudo",3300
"2021","1","Amapá","Urbana","Homem",20,"Parda",2,"12 anos de estudo",NA
"2021","1","Alagoas","Urbana","Homem",7,"Parda",4,"Sem instrução e menos de 1 ano de estudo",NA
"2021","1","Rondônia","Urbana","Mulher",28,"Parda",2,"16 anos ou mais de estudo",NA
"2021","1","Paraíba","Urbana","Homem",18,"Parda",5,"10 anos de estudo",NA
"2021","1","Roraima","Urbana","Homem",23,"Parda",6,"9 anos de estudo",1100
"2021","1","Mato Grosso do Sul","Urbana","Homem",75,"Parda",2,"9 anos de estudo",NA
"2021","1","Mato Grosso","Urbana","Mulher",37,"Branca",3,"16 anos ou mais de estudo",5000
"2021","1","Maranhão","Urbana","Homem",49,"Parda",3,"16 anos ou mais de estudo",1200
"2021","1","Pernambuco","Urbana","Mulher",45,"Parda",4,"13 anos de estudo",1600
"2021","1","Amapá","Urbana","Homem",3,"Parda",6,NA,NA
"2021","1","Amazonas","Urbana","Mulher",61,"Parda",3,"12 anos de estudo",NA
"2021","1","Minas Gerais","Rural","Mulher",54,"Branca",3,"6 anos de estudo",NA
"2021","1","Pernambuco","Urbana","Mulher",38,"Branca",4,"5 anos de estudo",1100
"2021","1","Minas Gerais","Urbana","Homem",50,"Parda",5,"11 anos de estudo",3000
"2021","1","Rio de Janeiro","Urbana","Homem",41,"Parda",3,"12 anos de estudo",5200
"2021","1","Paraíba","Urbana","Mulher",47,"Parda",2,"1 ano de estudo",NA
"2021","1","Minas Gerais","Rural","Homem",39,"Parda",4,"5 anos de estudo",300
"2021","1","Bahia","Urbana","Mulher",44,"Parda",4,"12 anos de estudo",NA
"2021","1","Goiás","Urbana","Mulher",32,"Preta",5,"Sem instrução e menos de 1 ano de estudo",NA
"2021","1","Santa Catarina","Urbana","Homem",27,"Branca",5,"16 anos ou mais de estudo",NA
"2021","1","Maranhão","Urbana","Mulher",66,"Parda",4,"5 anos de estudo",NA
"2021","1","Minas Gerais","Rural","Homem",55,"Parda",2,"5 anos de estudo",1000
"2021","1","Pará","Rural","Homem",70,"Parda",2,"2 anos de estudo",NA
"2021","1","São Paulo","Urbana","Mulher",69,"Branca",2,"16 anos ou mais de estudo",NA
"2021","1","Goiás","Rural","Mulher",41,"Parda",2,"7 anos de estudo",800
"2021","1","Goiás","Rural","Mulher",31,"Parda",6,"7 anos de estudo",NA
"2021","1","Sergipe","Urbana","Mulher",38,"Branca",2,"12 anos de estudo",NA
"2021","1","Pernambuco","Urbana","Mulher",91,"Parda",5,"4 anos de estudo",NA
"2021","1","Rio Grande do Sul","Urbana","Homem",62,"Branca",2,"5 anos de estudo",NA
"2021","1","Pernambuco","Rural","Mulher",30,"Parda",3,"12 anos de estudo",300
"2021","1","Maranhão","Rural","Homem",21,"Parda",4,"4 anos de estudo",NA
"2021","1","Rio Grande do Sul","Urbana","Mulher",59,"Branca",4,"10 anos de estudo",NA
"2021","1","Rio Grande do Sul","Urbana","Homem",4,"Branca",3,NA,NA
"2021","1","Amazonas","Urbana","Mulher",29,"Parda",4,"12 anos de estudo",160
"2021","1","Distrito Federal","Urbana","Mulher",5,"Parda",4,"Sem instrução e menos de 1 ano de estudo",NA
"2021","1","Paraná","Urbana","Homem",24,"Branca",3,"15 anos de estudo",1000
"2021","1","Rio de Janeiro","Urbana","Mulher",83,"Parda",1,"Sem instrução e menos de 1 ano de estudo",NA
"2021","1","Acre","Urbana","Homem",6,"Parda",3,"Sem instrução e menos de 1 ano de estudo",NA
"2021","1","Rio Grande do Sul","Rural","Homem",15,"Parda",3,"8 anos de estudo",NA
"2021","1","Alagoas","Urbana","Homem",38,"Parda",1,"12 anos de estudo",1590
"2021","1","Amapá","Urbana","Mulher",20,"Parda",3,"11 anos de estudo",NA
"2021","1","Ceará","Urbana","Mulher",89,"Parda",7,"Sem instrução e menos de 1 ano de estudo",NA
"2021","1","Pará","Rural","Mulher",85,"Parda",7,"Sem instrução e menos de 1 ano de estudo",NA
"2021","1","Rio Grande do Sul","Urbana","Mulher",44,"Preta",2,"16 anos ou mais de estudo",3000
"2021","1","Ceará","Urbana","Homem",73,"Branca",2,"Sem instrução e menos de 1 ano de estudo",NA
"2021","1","Maranhão","Rural","Mulher",7,"Parda",3,"1 ano de estudo",NA
"2021","1","Bahia","Urbana","Mulher",49,"Parda",5,"5 anos de estudo",NA
"2021","1","São Paulo","Urbana","Homem",22,"Branca",3,"12 anos de estudo",NA
"2021","1","Rio Grande do Sul","Rural","Homem",33,"Branca",3,"12 anos de estudo",3000
"2021","1","Minas Gerais","Urbana","Homem",5,"Parda",4,"Sem instrução e menos de 1 ano de estudo",NA
"2021","1","Goiás","Rural","Homem",18,"Parda",4,"7 anos de estudo",NA
"2021","1","São Paulo","Urbana","Mulher",4,"Branca",5,NA,NA
"2021","1","Acre","Urbana","Mulher",27,"Parda",2,"Sem instrução e menos de 1 ano de estudo",NA
"2021","1","Rio Grande do Sul","Urbana","Mulher",22,"Branca",4,"12 anos de estudo",NA
"2021","1","Paraná","Urbana","Homem",0,"Branca",3,NA,NA
"2021","1","Amazonas","Rural","Homem",21,"Parda",7,"7 anos de estudo",NA
"2021","1","São Paulo","Rural","Homem",74,"Branca",2,"2 anos de estudo",NA
"2021","1","Bahia","Urbana","Homem",26,"Parda",4,"13 anos de estudo",1650
"2021","1","Pernambuco","Urbana","Mulher",58,"Parda",1,"7 anos de estudo",NA
"2021","1","Pará","Urbana","Homem",52,"Parda",4,"16 anos ou mais de estudo",2000
"2021","1","Rio Grande do Sul","Urbana","Homem",77,"Branca",3,"Sem instrução e menos de 1 ano de estudo",NA
"2021","1","Sergipe","Urbana","Mulher",36,"Parda",4,"4 anos de estudo",NA
"2021","1","Minas Gerais","Urbana","Mulher",47,"Branca",4,"16 anos ou mais de estudo",2000
"2021","1","Santa Catarina","Urbana","Homem",34,"Branca",3,"14 anos de estudo",2200
"2021","1","Pernambuco","Urbana","Homem",14,"Parda",3,"9 anos de estudo",NA
"2021","1","Rio Grande do Norte","Urbana","Mulher",68,"Parda",4,"12 anos de estudo",NA
"2021","1","Maranhão","Urbana","Mulher",75,"Parda",2,"Sem instrução e menos de 1 ano de estudo",NA
"2021","1","Ceará","Rural","Mulher",16,"Parda",3,"10 anos de estudo",NA
"2021","1","Maranhão","Urbana","Homem",15,"Parda",3,"9 anos de estudo",NA
"2021","1","Rio Grande do Norte","Urbana","Mulher",76,"Branca",2,"6 anos de estudo",NA
"2021","1","Minas Gerais","Urbana","Homem",32,"Branca",6,"6 anos de estudo",NA
"2021","1","Tocantins","Rural","Homem",61,"Branca",2,"8 anos de estudo",3500
"2021","1","Pernambuco","Rural","Mulher",22,"Branca",2,"4 anos de estudo",NA
"2021","1","Ceará","Urbana","Homem",23,"Branca",5,"12 anos de estudo",NA
"2021","1","Maranhão","Urbana","Mulher",11,"Branca",4,"4 anos de estudo",NA
"2021","1","Santa Catarina","Urbana","Homem",4,"Branca",6,NA,NA
"2021","1","Alagoas","Rural","Homem",3,"Parda",4,NA,NA
"2021","1","Rondônia","Urbana","Mulher",55,"Parda",2,"2 anos de estudo",NA
"2021","1","Minas Gerais","Rural","Mulher",25,"Preta",4,"12 anos de estudo",NA
"2021","1","Alagoas","Urbana","Homem",17,"Parda",7,"10 anos de estudo",NA
"2021","1","Rio Grande do Norte","Urbana","Mulher",63,"Parda",6,"5 anos de estudo",NA
"2021","1","Rio de Janeiro","Urbana","Homem",19,"Branca",6,"10 anos de estudo",NA
"2021","1","Goiás","Urbana","Mulher",6,"Parda",5,"Sem instrução e menos de 1 ano de estudo",NA
"2021","1","Pará","Rural","Homem",47,"Parda",2,"12 anos de estudo",1220
"2021","1","Alagoas","Rural","Mulher",19,"Branca",5,"12 anos de estudo",NA
"2021","1","Ceará","Urbana","Mulher",6,"Parda",2,"Sem instrução e menos de 1 ano de estudo",NA
"2021","1","Pernambuco","Rural","Mulher",39,"Parda",4,"10 anos de estudo",NA
"2021","1","Maranhão","Rural","Mulher",32,"Branca",3,"12 anos de estudo",150
"2021","1","Rio Grande do Sul","Urbana","Homem",0,"Branca",3,NA,NA
"2021","1","Minas Gerais","Urbana","Mulher",8,"Parda",4,"2 anos de estudo",NA
"2021","1","Goiás","Urbana","Homem",37,"Parda",2,"9 anos de estudo",2900
"2021","1","Roraima","Urbana","Homem",55,"Parda",6,"6 anos de estudo",2000
"2021","1","Maranhão","Urbana","Mulher",16,"Preta",7,"10 anos de estudo",NA
"2021","1","Amazonas","Rural","Homem",43,"Parda",10,"12 anos de estudo",1308
"2021","1","Paraná","Urbana","Mulher",57,"Branca",2,"9 anos de estudo",NA
"2021","1","Acre","Urbana","Mulher",35,"Parda",3,"12 anos de estudo",1045
"2021","1","Bahia","Urbana","Homem",73,"Parda",1,"5 anos de estudo",1061
"2021","1","Bahia","Urbana","Homem",49,"Preta",5,"12 anos de estudo",NA
"2021","1","Amazonas","Urbana","Mulher",12,"Branca",10,"5 anos de estudo",NA
"2021","1","Paraíba","Urbana","Mulher",23,"Parda",4,"16 anos ou mais de estudo",NA
"2021","1","Minas Gerais","Urbana","Mulher",44,"Branca",4,"12 anos de estudo",1100
"2021","1","Amapá","Urbana","Homem",49,"Parda",7,"Sem instrução e menos de 1 ano de estudo",800
"2021","1","São Paulo","Urbana","Homem",43,"Parda",3,"16 anos ou mais de estudo",1400
"2021","1","Mato Grosso do Sul","Urbana","Mulher",28,"Branca",5,"14 anos de estudo",2000
"2021","1","Paraná","Urbana","Mulher",59,"Branca",6,"12 anos de estudo",NA
"2021","1","Goiás","Urbana","Mulher",65,"Branca",2,"5 anos de estudo",NA
"2021","1","Espírito Santo","Urbana","Mulher",42,"Branca",4,"16 anos ou mais de estudo",8000
"2021","1","Pará","Urbana","Homem",9,"Branca",5,"3 anos de estudo",NA
"2021","1","Goiás","Urbana","Homem",6,"Parda",4,"Sem instrução e menos de 1 ano de estudo",NA
"2021","1","Rio de Janeiro","Urbana","Mulher",7,"Branca",4,"1 ano de estudo",NA
"2021","1","Alagoas","Urbana","Mulher",8,"Parda",6,"2 anos de estudo",NA
"2021","1","Alagoas","Urbana","Homem",33,"Parda",2,"8 anos de estudo",1000
"2021","1","Roraima","Urbana","Mulher",4,"Branca",3,NA,NA
"2021","1","Espírito Santo","Urbana","Mulher",37,"Preta",3,"16 anos ou mais de estudo",800
"2021","1","Mato Grosso do Sul","Urbana","Homem",35,"Parda",3,"12 anos de estudo",NA
"2021","1","Paraíba","Urbana","Mulher",39,"Parda",4,"16 anos ou mais de estudo",2000
"2021","1","Paraná","Urbana","Homem",73,"Parda",2,"Sem instrução e menos de 1 ano de estudo",NA
"2021","1","Alagoas","Rural","Homem",7,"Parda",4,"Sem instrução e menos de 1 ano de estudo",NA
"2021","1","Santa Catarina","Urbana","Mulher",1,"Parda",5,NA,NA
"2021","1","Maranhão","Urbana","Mulher",12,"Branca",3,"6 anos de estudo",NA
"2021","1","Maranhão","Urbana","Mulher",42,"Parda",4,"12 anos de estudo",NA
"2021","1","Paraíba","Urbana","Homem",51,"Branca",4,"9 anos de estudo",5000
"2021","1","Maranhão","Rural","Mulher",34,"Parda",4,"12 anos de estudo",NA
"2021","1","Minas Gerais","Urbana","Homem",20,"Branca",4,"9 anos de estudo",400
"2021","1","São Paulo","Urbana","Homem",22,"Branca",4,"12 anos de estudo",NA
"2021","1","Amazonas","Rural","Homem",72,"Parda",1,"Sem instrução e menos de 1 ano de estudo",600
"2021","1","Rio Grande do Sul","Urbana","Homem",20,"Branca",2,"12 anos de estudo",525
"2021","1","Bahia","Urbana","Homem",0,"Parda",3,NA,NA
"2021","1","São Paulo","Urbana","Homem",15,"Branca",6,"8 anos de estudo",NA
"2021","1","Ceará","Urbana","Homem",44,"Branca",2,"12 anos de estudo",1100
"2021","1","Mato Grosso","Urbana","Homem",69,"Parda",2,"1 ano de estudo",NA
"2021","1","São Paulo","Urbana","Homem",33,"Branca",3,"12 anos de estudo",3300
"2021","1","Goiás","Urbana","Homem",34,"Parda",2,"13 anos de estudo",3500
"2021","1","Amazonas","Urbana","Homem",4,"Parda",6,NA,NA
"2021","1","Pernambuco","Urbana","Mulher",44,"Preta",3,"5 anos de estudo",NA
"2021","1","Alagoas","Rural","Mulher",23,"Parda",3,"10 anos de estudo",NA
"2021","1","Mato Grosso do Sul","Rural","Homem",56,"Parda",2,"5 anos de estudo",1500
"2021","1","Sergipe","Rural","Mulher",66,"Branca",2,"4 anos de estudo",120
"2021","1","Santa Catarina","Urbana","Homem",62,"Branca",3,"12 anos de estudo",1200
"2021","1","Minas Gerais","Urbana","Homem",35,"Parda",2,"6 anos de estudo",800
"2021","1","Mato Grosso do Sul","Urbana","Homem",38,"Parda",5,"12 anos de estudo",300
"2021","1","Rondônia","Urbana","Homem",3,"Branca",3,NA,NA
"2021","1","Espírito Santo","Urbana","Homem",44,"Branca",5,"12 anos de estudo",1800
"2021","1","Rio Grande do Sul","Urbana","Mulher",16,"Branca",4,"8 anos de estudo",NA
"2021","1","Mato Grosso do Sul","Urbana","Mulher",47,"Parda",5,"16 anos ou mais de estudo",5500
"2021","1","Pernambuco","Rural","Homem",34,"Parda",7,"8 anos de estudo",1000
"2021","1","Paraíba","Urbana","Homem",27,"Parda",6,"5 anos de estudo",NA
"2021","1","Pará","Rural","Homem",71,"Parda",6,"Sem instrução e menos de 1 ano de estudo",1200
"2021","1","Rio Grande do Norte","Urbana","Homem",25,"Branca",4,"12 anos de estudo",1500
"2021","1","Rondônia","Urbana","Mulher",14,"Parda",4,"7 anos de estudo",NA
"2021","1","Espírito Santo","Urbana","Mulher",64,"Parda",2,"7 anos de estudo",NA
"2021","1","Maranhão","Urbana","Mulher",49,"Parda",4,"14 anos de estudo",NA
"2021","1","Paraná","Urbana","Homem",11,"Preta",6,"3 anos de estudo",NA
"2021","1","Rio de Janeiro","Urbana","Mulher",11,"Branca",4,"5 anos de estudo",NA
"2021","1","Pernambuco","Urbana","Mulher",53,"Branca",3,"9 anos de estudo",1100
"2021","1","Ceará","Urbana","Homem",38,"Parda",4,"16 anos ou mais de estudo",3000
"2021","1","Ceará","Rural","Homem",12,"Parda",3,"6 anos de estudo",NA
"2021","1","São Paulo","Urbana","Mulher",55,"Branca",2,"15 anos de estudo",NA
"2021","1","Sergipe","Urbana","Mulher",79,"Parda",1,"Sem instrução e menos de 1 ano de estudo",NA
"2021","1","Amazonas","Urbana","Mulher",48,"Branca",2,"16 anos ou mais de estudo",12000
"2021","1","Minas Gerais","Urbana","Homem",51,"Preta",4,"1 ano de estudo",1100
"2021","1","Paraná","Urbana","Mulher",52,"Branca",3,"12 anos de estudo",1100
"2021","1","Santa Catarina","Urbana","Homem",50,"Branca",6,"9 anos de estudo",1000
"2021","1","Alagoas","Urbana","Mulher",38,"Parda",3,"12 anos de estudo",1255
"2021","1","Espírito Santo","Urbana","Mulher",47,"Branca",4,"16 anos ou mais de estudo",3000
"2021","1","Rio de Janeiro","Urbana","Homem",45,"Preta",3,"12 anos de estudo",1000
"2021","1","Alagoas","Urbana","Homem",49,"Preta",5,"4 anos de estudo",NA
"2021","1","Paraíba","Urbana","Mulher",15,"Parda",3,"9 anos de estudo",NA
"2021","1","Sergipe","Urbana","Homem",28,"Parda",4,"6 anos de estudo",1100
"2021","1","Amazonas","Urbana","Homem",8,"Parda",4,"2 anos de estudo",NA
"2021","1","Mato Grosso","Urbana","Mulher",20,"Parda",5,"12 anos de estudo",NA
"2021","1","Roraima","Rural","Mulher",42,"Parda",7,"16 anos ou mais de estudo",3200
"2021","1","Minas Gerais","Urbana","Homem",7,"Parda",4,"Sem instrução e menos de 1 ano de estudo",NA
"2021","1","Distrito Federal","Urbana","Mulher",67,"Preta",2,"16 anos ou mais de estudo",NA
"2021","1","Goiás","Urbana","Mulher",59,"Branca",2,"10 anos de estudo",NA
"2021","1","Pernambuco","Urbana","Mulher",42,"Parda",3,"8 anos de estudo",1600
"2021","1","Rio Grande do Sul","Urbana","Mulher",34,"Branca",5,"12 anos de estudo",1100
"2021","1","Espírito Santo","Urbana","Homem",61,"Branca",3,"15 anos de estudo",3000
"2021","1","Santa Catarina","Urbana","Homem",56,"Preta",4,"12 anos de estudo",NA
"2021","1","Rio de Janeiro","Urbana","Mulher",66,"Branca",3,"12 anos de estudo",NA
"2021","1","Rio Grande do Sul","Urbana","Mulher",44,"Branca",3,"12 anos de estudo",1045
"2021","1","São Paulo","Urbana","Mulher",57,"Branca",3,"5 anos de estudo",NA
"2021","1","Ceará","Urbana","Homem",69,"Branca",2,"12 anos de estudo",1100
"2021","1","Espírito Santo","Urbana","Mulher",37,"Branca",2,"11 anos de estudo",1400
"2021","1","Santa Catarina","Rural","Mulher",59,"Branca",2,"5 anos de estudo",NA
"2021","1","São Paulo","Urbana","Mulher",32,"Preta",4,"12 anos de estudo",1100
"2021","1","Minas Gerais","Rural","Homem",39,"Parda",2,"5 anos de estudo",NA
"2021","1","Ceará","Urbana","Mulher",19,"Branca",4,"12 anos de estudo",60
"2021","1","Minas Gerais","Urbana","Homem",54,"Branca",2,"16 anos ou mais de estudo",15000
"2021","1","Rio de Janeiro","Urbana","Homem",57,"Branca",3,"16 anos ou mais de estudo",3500
"2021","1","Minas Gerais","Urbana","Homem",56,"Branca",1,"16 anos ou mais de estudo",10000
"2021","1","Piauí","Rural","Homem",42,"Parda",11,"5 anos de estudo",1045
"2021","1","Maranhão","Urbana","Mulher",29,"Parda",2,"12 anos de estudo",1262
"2021","1","Ceará","Rural","Mulher",17,"Branca",4,"11 anos de estudo",NA
"2021","1","Minas Gerais","Rural","Mulher",72,"Parda",2,"4 anos de estudo",NA
"2021","1","Minas Gerais","Rural","Mulher",84,"Branca",2,"5 anos de estudo",NA
"2021","1","Bahia","Rural","Homem",24,"Parda",5,"8 anos de estudo",1150
"2021","1","Alagoas","Rural","Homem",1,"Parda",4,NA,NA
"2021","1","Espírito Santo","Urbana","Mulher",27,"Preta",2,"16 anos ou mais de estudo",2500
"2021","1","Minas Gerais","Rural","Mulher",58,"Parda",3,"12 anos de estudo",NA
"2021","1","Mato Grosso do Sul","Urbana","Homem",16,"Branca",5,"7 anos de estudo",NA
"2021","1","Maranhão","Urbana","Homem",38,"Parda",3,"16 anos ou mais de estudo",5000
"2021","1","São Paulo","Urbana","Mulher",58,"Branca",4,"12 anos de estudo",NA
"2021","1","Paraná","Urbana","Mulher",60,"Parda",7,"Sem instrução e menos de 1 ano de estudo",NA
"2021","1","Rio de Janeiro","Urbana","Homem",55,"Parda",3,"16 anos ou mais de estudo",3479
"2021","1","Maranhão","Rural","Mulher",10,"Branca",5,"3 anos de estudo",NA
"2021","1","Amazonas","Rural","Mulher",45,"Parda",2,"12 anos de estudo",NA
"2021","1","Maranhão","Urbana","Homem",40,"Parda",3,"5 anos de estudo",NA
"2021","1","Tocantins","Urbana","Mulher",5,"Parda",6,"Sem instrução e menos de 1 ano de estudo",NA
"2021","1","São Paulo","Urbana","Mulher",41,"Branca",4,"9 anos de estudo",NA
"2021","1","Amazonas","Rural","Mulher",17,"Parda",4,"12 anos de estudo",NA
"2021","1","Rio de Janeiro","Urbana","Mulher",70,"Branca",1,"16 anos ou mais de estudo",NA
"2021","1","Pernambuco","Urbana","Homem",47,"Branca",3,"16 anos ou mais de estudo",4000
"2021","1","Ceará","Rural","Mulher",28,"Parda",6,"12 anos de estudo",NA
"2021","1","Rio Grande do Sul","Urbana","Homem",31,"Branca",4,"12 anos de estudo",1200
"2021","1","Santa Catarina","Urbana","Mulher",33,"Branca",2,"12 anos de estudo",1500
"2021","1","Pará","Rural","Homem",35,"Parda",4,"3 anos de estudo",500
"2021","1","Roraima","Urbana","Mulher",24,"Preta",3,"12 anos de estudo",NA
"2021","1","Goiás","Urbana","Homem",32,"Branca",1,"5 anos de estudo",1100
"2021","1","Pará","Urbana","Mulher",43,"Branca",5,"12 anos de estudo",NA
"2021","1","Rio de Janeiro","Urbana","Homem",58,"Branca",2,"13 anos de estudo",NA
"2021","1","Alagoas","Rural","Mulher",6,"Parda",3,"Sem instrução e menos de 1 ano de estudo",NA
"2021","1","Paraná","Rural","Mulher",25,"Branca",3,"9 anos de estudo",1000
"2021","1","Bahia","Rural","Mulher",66,"Parda",3,"2 anos de estudo",NA
"2021","1","Maranhão","Urbana","Mulher",0,"Parda",5,NA,NA
"2021","1","Rio de Janeiro","Urbana","Homem",67,"Branca",2,"8 anos de estudo",2600
"2021","1","Paraíba","Rural","Homem",44,"Branca",2,"Sem instrução e menos de 1 ano de estudo",1000
"2021","1","Santa Catarina","Rural","Homem",12,"Branca",5,"4 anos de estudo",NA
"2021","1","Minas Gerais","Urbana","Mulher",66,"Preta",6,"12 anos de estudo",NA
"2021","1","Espírito Santo","Urbana","Homem",63,"Branca",5,"16 anos ou mais de estudo",1000
"2021","1","Paraná","Rural","Mulher",13,"Parda",3,"5 anos de estudo",NA
"2021","1","Pernambuco","Urbana","Mulher",43,"Branca",5,"Sem instrução e menos de 1 ano de estudo",NA
"2021","1","Minas Gerais","Rural","Homem",33,"Branca",3,"12 anos de estudo",2000
"2021","1","Espírito Santo","Urbana","Homem",64,"Parda",2,"5 anos de estudo",NA
"2021","1","São Paulo","Urbana","Homem",80,"Branca",2,"6 anos de estudo",NA
"2021","1","Maranhão","Urbana","Mulher",42,"Parda",3,"16 anos ou mais de estudo",2090
"2021","1","Alagoas","Urbana","Homem",3,"Branca",4,NA,NA
"2021","1","Rio Grande do Sul","Urbana","Homem",24,"Branca",2,"16 anos ou mais de estudo",1100
"2021","1","Santa Catarina","Urbana","Mulher",42,"Parda",4,"5 anos de estudo",1300
"2021","1","Mato Grosso do Sul","Urbana","Homem",39,"Parda",3,"3 anos de estudo",1300
"2021","1","Amapá","Urbana","Mulher",25,"Parda",5,"16 anos ou mais de estudo",NA
"2021","1","Rio Grande do Norte","Rural","Mulher",38,"Branca",4,"8 anos de estudo",NA
"2021","1","Maranhão","Rural","Homem",64,"Parda",1,"6 anos de estudo",NA
"2021","1","Pernambuco","Urbana","Homem",16,"Branca",3,"9 anos de estudo",NA
"2021","1","Rondônia","Urbana","Homem",39,"Preta",4,"12 anos de estudo",3000
"2021","1","São Paulo","Rural","Mulher",32,"Branca",1,"16 anos ou mais de estudo",3200
"2021","1","Minas Gerais","Urbana","Mulher",3,"Parda",4,NA,NA
"2021","1","Santa Catarina","Urbana","Homem",50,"Branca",2,"12 anos de estudo",10000
"2021","1","Rio Grande do Sul","Urbana","Mulher",2,"Branca",6,NA,NA
"2021","1","Minas Gerais","Urbana","Mulher",56,"Branca",2,"12 anos de estudo",2000
"2021","1","Minas Gerais","Urbana","Mulher",29,"Parda",4,"13 anos de estudo",NA
"2021","1","São Paulo","Rural","Mulher",55,"Branca",3,"4 anos de estudo",NA
"2021","1","Maranhão","Rural","Mulher",5,"Parda",4,"Sem instrução e menos de 1 ano de estudo",NA
"2021","1","Rio de Janeiro","Urbana","Homem",48,"Branca",2,"9 anos de estudo",1045
"2021","1","Goiás","Urbana","Homem",79,"Branca",2,"16 anos ou mais de estudo",NA
"2021","1","Pará","Rural","Mulher",27,"Parda",3,"11 anos de estudo",NA
"2021","1","Paraná","Urbana","Mulher",57,"Branca",3,"7 anos de estudo",100
"2021","1","Alagoas","Urbana","Mulher",48,"Branca",3,"12 anos de estudo",400
"2021","1","Acre","Urbana","Homem",32,"Parda",3,"13 anos de estudo",NA
"2021","1","Rio de Janeiro","Urbana","Mulher",12,"Branca",3,"6 anos de estudo",NA
"2021","1","Rio de Janeiro","Urbana","Homem",5,"Branca",3,"Sem instrução e menos de 1 ano de estudo",NA
"2021","1","Rio Grande do Norte","Urbana","Homem",19,"Branca",3,"9 anos de estudo",NA
"2021","1","Maranhão","Rural","Homem",73,"Parda",6,"1 ano de estudo",NA
"2021","1","Rio Grande do Norte","Urbana","Mulher",18,"Parda",5,"13 anos de estudo",NA
"2021","1","Distrito Federal","Urbana","Mulher",17,"Parda",7,"12 anos de estudo",1100
"2021","1","Pernambuco","Urbana","Mulher",33,"Parda",2,"12 anos de estudo",1100
"2021","1","Maranhão","Urbana","Homem",60,"Preta",2,"12 anos de estudo",2000
"2021","1","Pernambuco","Rural","Homem",49,"Preta",4,"12 anos de estudo",200
"2021","1","Bahia","Urbana","Mulher",39,"Preta",4,"5 anos de estudo",NA
"2021","1","Rio Grande do Sul","Urbana","Mulher",63,"Branca",1,"16 anos ou mais de estudo",5000
"2021","1","Santa Catarina","Urbana","Mulher",29,"Branca",2,"16 anos ou mais de estudo",1600
"2021","1","Alagoas","Rural","Homem",36,"Parda",3,"Sem instrução e menos de 1 ano de estudo",NA
"2021","1","Pernambuco","Urbana","Homem",8,"Branca",4,"3 anos de estudo",NA
"2021","1","Mato Grosso","Rural","Homem",2,"Parda",4,NA,NA
"2021","1","Pernambuco","Urbana","Mulher",78,"Parda",2,"12 anos de estudo",NA
"2021","1","Paraíba","Urbana","Homem",38,"Parda",4,"7 anos de estudo",250
"2021","1","Rio de Janeiro","Urbana","Homem",25,"Branca",4,"12 anos de estudo",1100
"2021","1","São Paulo","Urbana","Homem",36,"Parda",4,"12 anos de estudo",1500
"2021","1","Bahia","Urbana","Mulher",25,"Parda",3,"15 anos de estudo",NA
"2021","1","Minas Gerais","Rural","Mulher",79,"Parda",2,"Sem instrução e menos de 1 ano de estudo",NA
"2021","1","Minas Gerais","Urbana","Mulher",47,"Parda",3,"12 anos de estudo",1100
"2021","1","Pará","Urbana","Mulher",38,"Amarela",3,"12 anos de estudo",100
"2021","1","Santa Catarina","Urbana","Mulher",7,"Parda",4,"Sem instrução e menos de 1 ano de estudo",NA
"2021","1","Amapá","Urbana","Homem",22,"Parda",9,"12 anos de estudo",NA
"2021","1","Santa Catarina","Urbana","Mulher",56,"Branca",1,"6 anos de estudo",NA
"2021","1","Rio de Janeiro","Urbana","Mulher",76,"Parda",1,"4 anos de estudo",NA
"2021","1","Pernambuco","Urbana","Mulher",41,"Parda",4,"15 anos de estudo",1650
"2021","1","Alagoas","Rural","Homem",16,"Branca",2,"1 ano de estudo",530
"2021","1","Acre","Urbana","Homem",14,"Parda",3,"8 anos de estudo",NA
"2021","1","Pernambuco","Urbana","Homem",26,"Preta",3,"12 anos de estudo",1300
"2021","1","Rio Grande do Sul","Urbana","Mulher",19,"Branca",3,"12 anos de estudo",2400
"2021","1","Mato Grosso do Sul","Urbana","Homem",38,"Branca",7,"16 anos ou mais de estudo",2400
"2021","1","Espírito Santo","Urbana","Mulher",20,"Parda",2,"14 anos de estudo",NA
"2021","1","Goiás","Urbana","Homem",11,"Parda",5,"5 anos de estudo",NA
"2021","1","Paraná","Urbana","Mulher",9,"Parda",7,"2 anos de estudo",NA
"2021","1","Paraíba","Rural","Homem",1,"Parda",5,NA,NA
"2021","1","Ceará","Urbana","Homem",38,"Preta",3,"11 anos de estudo",800
"2021","1","Maranhão","Rural","Homem",29,"Branca",6,"9 anos de estudo",300
"2021","1","São Paulo","Rural","Mulher",8,"Branca",5,"2 anos de estudo",NA
"2021","1","Rio de Janeiro","Urbana","Mulher",8,"Branca",5,"2 anos de estudo",NA
"2021","1","Alagoas","Rural","Homem",8,"Parda",5,"2 anos de estudo",NA
"2021","1","Minas Gerais","Urbana","Mulher",45,"Parda",4,"12 anos de estudo",1100
"2021","1","Roraima","Urbana","Mulher",2,"Parda",4,NA,NA
"2021","1","Bahia","Urbana","Homem",12,"Parda",5,"3 anos de estudo",NA
"2021","1","São Paulo","Urbana","Homem",56,"Branca",3,"9 anos de estudo",NA
"2021","1","Santa Catarina","Urbana","Mulher",46,"Branca",3,"12 anos de estudo",NA
"2021","1","Espírito Santo","Rural","Homem",8,"Parda",4,"1 ano de estudo",NA
"2021","1","Rio Grande do Sul","Urbana","Homem",30,"Preta",3,"15 anos de estudo",NA
"2021","1","Goiás","Urbana","Homem",24,"Parda",5,"13 anos de estudo",1100
"2021","1","Piauí","Rural","Homem",19,"Parda",3,"9 anos de estudo",NA
"2021","1","Paraná","Urbana","Mulher",11,"Branca",3,"6 anos de estudo",NA
"2021","1","Amazonas","Rural","Mulher",20,"Parda",6,"11 anos de estudo",NA
"2021","1","Minas Gerais","Rural","Mulher",22,"Parda",2,"7 anos de estudo",NA
"2021","1","Goiás","Urbana","Mulher",12,"Branca",4,"6 anos de estudo",NA
"2021","1","Ceará","Urbana","Homem",41,"Parda",5,"2 anos de estudo",1100
"2021","1","Pernambuco","Urbana","Homem",43,"Branca",5,"9 anos de estudo",1000
"2021","1","Rio de Janeiro","Urbana","Mulher",42,"Branca",2,"16 anos ou mais de estudo",3000
"2021","1","Rio Grande do Sul","Urbana","Mulher",74,"Branca",2,"16 anos ou mais de estudo",NA
"2021","1","Alagoas","Urbana","Mulher",30,"Branca",4,"16 anos ou mais de estudo",NA
"2021","1","Amapá","Urbana","Homem",10,"Parda",7,"5 anos de estudo",NA
"2021","1","Bahia","Rural","Homem",75,"Branca",5,"Sem instrução e menos de 1 ano de estudo",NA
"2021","1","Minas Gerais","Rural","Mulher",2,"Parda",4,NA,NA
"2021","1","Alagoas","Urbana","Homem",61,"Parda",2,"3 anos de estudo",NA
"2021","1","Goiás","Urbana","Homem",1,"Branca",5,NA,NA
"2021","1","Roraima","Urbana","Mulher",0,"Indígena",7,NA,NA
"2021","1","Ceará","Urbana","Homem",8,"Parda",4,"Sem instrução e menos de 1 ano de estudo",NA
"2021","1","São Paulo","Urbana","Homem",66,"Parda",3,"7 anos de estudo",NA
"2021","1","Maranhão","Urbana","Mulher",19,"Preta",5,"11 anos de estudo",100
"2021","1","Amazonas","Rural","Mulher",58,"Parda",7,"12 anos de estudo",300
"2021","1","Rio de Janeiro","Urbana","Mulher",60,"Parda",1,"5 anos de estudo",NA
"2021","1","Pará","Rural","Homem",46,"Preta",4,"3 anos de estudo",900
"2021","1","Minas Gerais","Urbana","Mulher",73,"Parda",2,"5 anos de estudo",NA
"2021","1","Maranhão","Urbana","Mulher",15,"Branca",4,"10 anos de estudo",NA
"2021","1","Minas Gerais","Urbana","Homem",8,"Parda",3,"1 ano de estudo",NA
"2021","1","Amazonas","Urbana","Homem",36,"Branca",3,"12 anos de estudo",700
"2021","1","Minas Gerais","Urbana","Homem",20,"Parda",3,"12 anos de estudo",NA
"2021","1","Minas Gerais","Urbana","Homem",25,"Branca",3,"16 anos ou mais de estudo",1200
"2021","1","Santa Catarina","Urbana","Homem",46,"Branca",4,"12 anos de estudo",1200
"2021","1","Maranhão","Rural","Mulher",47,"Parda",3,"11 anos de estudo",1100
"2021","1","Minas Gerais","Urbana","Mulher",55,"Parda",3,"12 anos de estudo",1400
"2021","1","Pernambuco","Rural","Mulher",43,"Parda",4,"12 anos de estudo",NA
"2021","1","Bahia","Urbana","Homem",38,"Parda",4,"12 anos de estudo",1100
"2021","1","Bahia","Urbana","Mulher",40,"Branca",4,"Sem instrução e menos de 1 ano de estudo",NA
"2021","1","Bahia","Rural","Homem",13,"Parda",3,"4 anos de estudo",NA
"2021","1","Paraná","Urbana","Mulher",66,"Parda",2,"8 anos de estudo",NA
"2021","1","Ceará","Rural","Mulher",43,"Branca",2,"2 anos de estudo",NA
"2021","1","Maranhão","Rural","Mulher",53,"Parda",3,"5 anos de estudo",NA
"2021","1","Roraima","Urbana","Homem",19,"Parda",5,"9 anos de estudo",NA
"2021","1","Rio de Janeiro","Urbana","Homem",58,"Parda",4,"5 anos de estudo",2000
"2021","1","Alagoas","Rural","Mulher",33,"Parda",4,"8 anos de estudo",NA
"2021","1","Tocantins","Urbana","Homem",35,"Parda",3,"12 anos de estudo",1000
"2021","1","Pará","Rural","Mulher",42,"Parda",6,"5 anos de estudo",NA
"2021","1","Tocantins","Urbana","Mulher",42,"Preta",4,"12 anos de estudo",NA
"2021","1","Alagoas","Urbana","Homem",62,"Branca",3,"12 anos de estudo",NA
"2021","1","Pernambuco","Rural","Mulher",54,"Parda",1,"4 anos de estudo",150
"2021","1","Bahia","Urbana","Mulher",22,"Parda",2,"11 anos de estudo",400
"2021","1","Paraíba","Urbana","Homem",42,"Branca",5,"9 anos de estudo",1100
"2021","1","Pará","Urbana","Mulher",22,"Parda",7,"12 anos de estudo",NA
"2021","1","Bahia","Urbana","Homem",3,"Parda",4,NA,NA
"2021","1","Minas Gerais","Urbana","Mulher",1,"Branca",3,NA,NA
"2021","1","São Paulo","Urbana","Homem",82,"Parda",2,"2 anos de estudo",NA
"2021","1","Amazonas","Urbana","Mulher",5,"Branca",2,"Sem instrução e menos de 1 ano de estudo",NA
"2021","1","Rio Grande do Sul","Urbana","Homem",83,"Branca",2,"Sem instrução e menos de 1 ano de estudo",NA
"2021","1","Paraná","Urbana","Mulher",72,"Branca",1,"Sem instrução e menos de 1 ano de estudo",NA
"2021","1","Santa Catarina","Urbana","Mulher",10,"Branca",4,"4 anos de estudo",NA
"2021","1","Rio Grande do Sul","Urbana","Mulher",55,"Branca",2,"12 anos de estudo",2000
"2021","1","Goiás","Urbana","Mulher",17,"Parda",4,"9 anos de estudo",NA
"2021","1","Mato Grosso do Sul","Rural","Homem",35,"Parda",7,"6 anos de estudo",1700
"2021","1","Bahia","Urbana","Mulher",75,"Parda",3,"Sem instrução e menos de 1 ano de estudo",NA
"2021","1","Ceará","Urbana","Homem",15,"Parda",2,"9 anos de estudo",NA
"2021","1","Pernambuco","Urbana","Homem",41,"Parda",3,"12 anos de estudo",2800
"2021","1","Amazonas","Rural","Mulher",7,"Parda",6,"1 ano de estudo",NA
"2021","1","Rio de Janeiro","Urbana","Homem",43,"Parda",1,"2 anos de estudo",1000
"2021","1","Ceará","Urbana","Mulher",11,"Parda",6,"5 anos de estudo",NA
"2021","1","Mato Grosso","Urbana","Mulher",41,"Parda",3,"6 anos de estudo",NA
"2021","1","Espírito Santo","Urbana","Homem",52,"Branca",4,"16 anos ou mais de estudo",8000
"2021","1","Piauí","Rural","Mulher",48,"Branca",2,"Sem instrução e menos de 1 ano de estudo",NA
"2021","1","Minas Gerais","Rural","Mulher",21,"Branca",5,"11 anos de estudo",360
"2021","1","Paraná","Urbana","Mulher",17,"Branca",3,"12 anos de estudo",NA
"2021","1","Alagoas","Rural","Mulher",33,"Branca",4,"8 anos de estudo",NA
"2021","1","Maranhão","Urbana","Mulher",33,"Parda",6,"6 anos de estudo",300
"2021","1","São Paulo","Urbana","Homem",38,"Parda",3,"9 anos de estudo",1800
"2021","1","Santa Catarina","Urbana","Homem",46,"Branca",6,"5 anos de estudo",2200
"2021","1","Pará","Urbana","Mulher",50,"Parda",7,"5 anos de estudo",NA
"2021","1","Ceará","Rural","Homem",43,"Branca",3,"7 anos de estudo",NA
"2021","1","Rio Grande do Sul","Urbana","Homem",10,"Branca",4,"5 anos de estudo",NA
"2021","1","Maranhão","Rural","Mulher",40,"Parda",5,"3 anos de estudo",NA
"2021","1","São Paulo","Urbana","Homem",67,"Parda",2,"5 anos de estudo",NA
"2021","1","Espírito Santo","Urbana","Mulher",43,"Parda",5,"12 anos de estudo",3000
"2021","1","Alagoas","Rural","Mulher",33,"Parda",5,"9 anos de estudo",300
"2021","1","Paraná","Urbana","Homem",71,"Branca",4,"9 anos de estudo",2000
"2021","1","Sergipe","Rural","Homem",53,"Parda",2,"Sem instrução e menos de 1 ano de estudo",400
"2021","1","Maranhão","Rural","Mulher",10,"Parda",5,"4 anos de estudo",NA
"2021","1","Amazonas","Urbana","Mulher",55,"Parda",2,"7 anos de estudo",500
"2021","1","Pará","Urbana","Mulher",40,"Parda",1,"12 anos de estudo",1500
"2021","1","Mato Grosso do Sul","Urbana","Mulher",1,"Parda",5,NA,NA
"2021","1","Pernambuco","Urbana","Mulher",67,"Parda",1,"Sem instrução e menos de 1 ano de estudo",NA
"2021","1","Rio Grande do Norte","Urbana","Mulher",63,"Parda",2,"9 anos de estudo",NA
"2021","1","Rio Grande do Norte","Urbana","Mulher",32,"Parda",3,"16 anos ou mais de estudo",300
"2021","1","Acre","Urbana","Homem",56,"Parda",5,"16 anos ou mais de estudo",NA
"2021","1","Maranhão","Urbana","Homem",45,"Parda",6,"12 anos de estudo",300
"2021","1","Piauí","Rural","Mulher",2,"Preta",3,NA,NA
"2021","1","Minas Gerais","Urbana","Homem",26,"Branca",5,"12 anos de estudo",1400
"2021","1","Mato Grosso do Sul","Urbana","Homem",62,"Parda",4,"9 anos de estudo",NA
"2021","1","Bahia","Urbana","Homem",1,"Parda",5,NA,NA
"2021","1","Minas Gerais","Urbana","Homem",30,"Preta",1,"12 anos de estudo",1000
"2021","1","Pernambuco","Rural","Homem",26,"Parda",2,"12 anos de estudo",1100
"2021","1","São Paulo","Urbana","Mulher",16,"Parda",3,"10 anos de estudo",NA
"2021","1","São Paulo","Urbana","Homem",36,"Branca",4,"15 anos de estudo",3100
"2021","1","Ceará","Urbana","Mulher",28,"Branca",5,"12 anos de estudo",NA
"2021","1","Distrito Federal","Urbana","Mulher",44,"Preta",3,"10 anos de estudo",1100
"2021","1","Paraná","Urbana","Mulher",47,"Branca",5,"12 anos de estudo",NA
"2021","1","São Paulo","Urbana","Mulher",33,"Branca",4,"12 anos de estudo",NA
"2021","1","Bahia","Urbana","Homem",13,"Branca",4,"3 anos de estudo",NA
"2021","1","Espírito Santo","Urbana","Mulher",70,"Parda",2,"5 anos de estudo",NA
"2021","1","Minas Gerais","Urbana","Homem",60,"Preta",5,"4 anos de estudo",NA
"2021","1","Rio Grande do Sul","Rural","Mulher",54,"Branca",3,"5 anos de estudo",NA
"2021","1","Minas Gerais","Urbana","Mulher",52,"Parda",3,"5 anos de estudo",1100
"2021","1","Piauí","Rural","Mulher",41,"Parda",5,"9 anos de estudo",NA
"2021","1","São Paulo","Urbana","Mulher",31,"Branca",3,"14 anos de estudo",2000
"2021","1","Santa Catarina","Urbana","Mulher",12,"Branca",4,"6 anos de estudo",NA
"2021","1","Amazonas","Urbana","Homem",29,"Parda",1,"12 anos de estudo",2500
"2021","1","Rio Grande do Sul","Rural","Homem",32,"Branca",2,"5 anos de estudo",1600
"2021","1","Minas Gerais","Rural","Homem",73,"Branca",2,"5 anos de estudo",300
"2021","1","Sergipe","Urbana","Mulher",36,"Parda",4,"9 anos de estudo",NA
"2021","1","Espírito Santo","Urbana","Mulher",63,"Branca",2,"12 anos de estudo",6000
"2021","1","Minas Gerais","Rural","Homem",57,"Branca",2,"5 anos de estudo",5800
"2021","1","Rio Grande do Sul","Urbana","Mulher",71,"Branca",2,"12 anos de estudo",NA
"2021","1","Minas Gerais","Urbana","Homem",38,"Parda",4,"9 anos de estudo",NA
"2021","1","Bahia","Rural","Homem",72,"Branca",5,"3 anos de estudo",NA
"2021","1","Minas Gerais","Urbana","Mulher",69,"Branca",2,"6 anos de estudo",NA
"2021","1","Pernambuco","Urbana","Mulher",13,"Parda",4,"7 anos de estudo",NA
"2021","1","Pará","Rural","Mulher",82,"Preta",2,"1 ano de estudo",NA
"2021","1","Amazonas","Urbana","Mulher",46,"Parda",4,"12 anos de estudo",NA
"2021","1","Paraná","Rural","Homem",8,"Branca",3,"2 anos de estudo",NA
"2021","1","Alagoas","Rural","Homem",65,"Parda",1,"Sem instrução e menos de 1 ano de estudo",NA
"2021","1","Minas Gerais","Urbana","Mulher",59,"Parda",2,"Sem instrução e menos de 1 ano de estudo",NA
"2021","1","Acre","Urbana","Mulher",49,"Preta",6,"5 anos de estudo",NA
"2021","1","Amazonas","Urbana","Homem",19,"Parda",2,"12 anos de estudo",NA
"2021","1","São Paulo","Urbana","Homem",24,"Branca",4,"16 anos ou mais de estudo",NA
"2021","1","Rio de Janeiro","Urbana","Mulher",57,"Parda",3,"16 anos ou mais de estudo",NA
"2021","1","Minas Gerais","Rural","Mulher",54,"Parda",2,"12 anos de estudo",250
"2021","1","Pernambuco","Urbana","Homem",55,"Parda",2,"5 anos de estudo",NA
"2021","1","Amazonas","Urbana","Homem",13,"Preta",6,"5 anos de estudo",NA
"2021","1","Minas Gerais","Urbana","Homem",61,"Parda",3,"5 anos de estudo",NA
"2021","1","Rio de Janeiro","Urbana","Homem",22,"Branca",2,"8 anos de estudo",1100
"2021","1","Rio Grande do Sul","Urbana","Homem",28,"Preta",3,"16 anos ou mais de estudo",3000
"2021","1","Piauí","Urbana","Homem",47,"Branca",4,"13 anos de estudo",2400
"2021","1","Pará","Rural","Mulher",15,"Parda",4,"7 anos de estudo",NA
"2021","1","Minas Gerais","Urbana","Mulher",86,"Branca",2,"5 anos de estudo",NA
"2021","1","Minas Gerais","Urbana","Mulher",20,"Branca",3,"11 anos de estudo",1250
"2021","1","Pará","Urbana","Homem",38,"Parda",5,"16 anos ou mais de estudo",4500
"2021","1","Minas Gerais","Urbana","Homem",11,"Preta",3,"4 anos de estudo",NA
"2021","1","Minas Gerais","Urbana","Homem",64,"Branca",4,"12 anos de estudo",NA
"2021","1","Mato Grosso do Sul","Rural","Mulher",30,"Parda",5,"16 anos ou mais de estudo",NA
"2021","1","São Paulo","Urbana","Homem",72,"Amarela",2,"12 anos de estudo",NA
"2021","1","Rio Grande do Sul","Urbana","Mulher",11,"Branca",3,"5 anos de estudo",NA
"2021","1","Acre","Urbana","Mulher",4,"Parda",5,NA,NA
"2021","1","Piauí","Urbana","Homem",67,"Parda",1,"Sem instrução e menos de 1 ano de estudo",NA
"2021","1","Rio de Janeiro","Urbana","Mulher",22,"Preta",3,"12 anos de estudo",1100
"2021","1","Acre","Urbana","Homem",32,"Parda",4,"12 anos de estudo",NA
"2021","1","Mato Grosso","Urbana","Homem",80,"Branca",2,"Sem instrução e menos de 1 ano de estudo",NA
"2021","1","Minas Gerais","Urbana","Mulher",66,"Parda",2,"5 anos de estudo",NA
"2021","1","Minas Gerais","Urbana","Homem",17,"Preta",7,"8 anos de estudo",NA
"2021","1","Ceará","Rural","Homem",35,"Branca",4,"12 anos de estudo",NA
"2021","1","Minas Gerais","Urbana","Homem",4,"Parda",6,NA,NA
"2021","1","Rio de Janeiro","Urbana","Homem",63,"Parda",2,"4 anos de estudo",1500
"2021","1","Paraná","Urbana","Homem",26,"Branca",4,"15 anos de estudo",1500
"2021","1","Bahia","Urbana","Mulher",9,"Parda",4,"4 anos de estudo",NA
"2021","1","Amapá","Urbana","Homem",29,"Parda",1,"12 anos de estudo",NA
"2021","1","Santa Catarina","Urbana","Mulher",30,"Branca",3,"16 anos ou mais de estudo",4500
"2021","1","Amazonas","Rural","Homem",20,"Parda",8,"12 anos de estudo",1100
"2021","1","São Paulo","Urbana","Mulher",1,"Parda",5,NA,NA
"2021","1","Minas Gerais","Urbana","Homem",48,"Parda",3,"4 anos de estudo",NA
"2021","1","Mato Grosso do Sul","Urbana","Homem",40,"Preta",3,"8 anos de estudo",2000
"2021","1","Paraíba","Rural","Homem",53,"Branca",4,"Sem instrução e menos de 1 ano de estudo",NA
"2021","1","Maranhão","Rural","Mulher",49,"Parda",2,"7 anos de estudo",100
"2021","1","Bahia","Urbana","Homem",12,"Parda",5,"6 anos de estudo",NA
"2021","1","Minas Gerais","Urbana","Homem",17,"Parda",5,"9 anos de estudo",NA
"2021","1","Maranhão","Rural","Homem",29,"Parda",3,"12 anos de estudo",1100
"2021","1","Minas Gerais","Urbana","Mulher",31,"Parda",5,"12 anos de estudo",NA
"2021","1","Pará","Urbana","Homem",11,"Indígena",6,"5 anos de estudo",NA
"2021","1","São Paulo","Urbana","Mulher",49,"Parda",2,"14 anos de estudo",3300
"2021","1","Ceará","Urbana","Mulher",36,"Parda",7,"16 anos ou mais de estudo",1500
"2021","1","Alagoas","Urbana","Homem",66,"Preta",5,"9 anos de estudo",NA
"2021","1","Pernambuco","Urbana","Mulher",40,"Branca",3,"12 anos de estudo",NA
"2021","1","Minas Gerais","Urbana","Homem",51,"Parda",4,"12 anos de estudo",480
"2021","1","Rio Grande do Sul","Urbana","Mulher",42,"Branca",2,"16 anos ou mais de estudo",3100
"2021","1","Amazonas","Urbana","Homem",68,"Branca",3,"6 anos de estudo",NA
"2021","1","Mato Grosso","Urbana","Mulher",75,"Parda",2,"Sem instrução e menos de 1 ano de estudo",NA
"2021","1","Bahia","Urbana","Mulher",22,"Branca",3,"14 anos de estudo",NA
"2021","1","Minas Gerais","Rural","Mulher",20,"Branca",2,"11 anos de estudo",1100
"2021","1","Piauí","Urbana","Homem",13,"Parda",4,"8 anos de estudo",NA
"2021","1","Minas Gerais","Urbana","Homem",4,"Parda",7,NA,NA
"2021","1","Pernambuco","Urbana","Homem",24,"Parda",8,"12 anos de estudo",1100
"2021","1","Maranhão","Urbana","Mulher",15,"Parda",6,"9 anos de estudo",NA
"2021","1","Minas Gerais","Rural","Mulher",55,"Branca",2,"12 anos de estudo",1100
"2021","1","Rondônia","Urbana","Mulher",12,"Branca",4,"6 anos de estudo",NA
"2021","1","Sergipe","Urbana","Mulher",51,"Parda",2,"12 anos de estudo",NA
"2021","1","Espírito Santo","Urbana","Homem",46,"Parda",4,"16 anos ou mais de estudo",4500
"2021","1","Alagoas","Rural","Mulher",40,"Parda",11,"8 anos de estudo",NA
"2021","1","Paraná","Urbana","Homem",5,"Branca",3,"Sem instrução e menos de 1 ano de estudo",NA
"2021","1","Acre","Urbana","Mulher",34,"Parda",4,"14 anos de estudo",NA
"2021","1","Rio Grande do Sul","Urbana","Homem",69,"Branca",2,"9 anos de estudo",NA
"2021","1","Rondônia","Rural","Mulher",73,"Branca",5,"5 anos de estudo",NA
"2021","1","Tocantins","Rural","Homem",44,"Parda",4,"12 anos de estudo",1100
"2021","1","Maranhão","Rural","Homem",13,"Parda",5,"7 anos de estudo",NA
"2021","1","Bahia","Rural","Mulher",21,"Parda",2,"11 anos de estudo",NA
"2021","1","São Paulo","Urbana","Mulher",0,"Branca",4,NA,NA
"2021","1","Tocantins","Rural","Homem",47,"Branca",4,"7 anos de estudo",NA
"2021","1","Pará","Urbana","Mulher",62,"Parda",4,"12 anos de estudo",NA
"2021","1","Paraíba","Rural","Mulher",68,"Parda",2,"1 ano de estudo",NA
"2021","1","Maranhão","Urbana","Homem",35,"Parda",3,"16 anos ou mais de estudo",19000
"2021","1","Rio Grande do Sul","Urbana","Mulher",42,"Branca",5,"15 anos de estudo",3500
"2021","1","Bahia","Urbana","Mulher",30,"Preta",6,"12 anos de estudo",NA
"2021","1","Minas Gerais","Urbana","Mulher",29,"Branca",2,"16 anos ou mais de estudo",250
"2021","1","Bahia","Urbana","Mulher",55,"Parda",2,"16 anos ou mais de estudo",1100
"2021","1","Rio Grande do Sul","Urbana","Homem",22,"Branca",3,"15 anos de estudo",1800
"2021","1","Mato Grosso","Rural","Mulher",10,"Branca",7,"4 anos de estudo",NA
"2021","1","Minas Gerais","Urbana","Homem",6,"Branca",6,"Sem instrução e menos de 1 ano de estudo",NA
"2021","1","Espírito Santo","Urbana","Homem",78,"Branca",2,"4 anos de estudo",NA
"2021","1","Pernambuco","Rural","Mulher",5,"Branca",5,"Sem instrução e menos de 1 ano de estudo",NA
"2021","1","Minas Gerais","Urbana","Mulher",33,"Parda",3,"16 anos ou mais de estudo",NA
"2021","1","Santa Catarina","Urbana","Mulher",25,"Branca",3,"1 ano de estudo",500
"2021","1","Amazonas","Urbana","Homem",33,"Parda",7,"10 anos de estudo",1300
"2021","1","Amazonas","Rural","Mulher",23,"Parda",2,"12 anos de estudo",300
"2021","1","Pará","Urbana","Homem",36,"Parda",4,"13 anos de estudo",1045
"2021","1","Espírito Santo","Urbana","Homem",36,"Branca",2,"12 anos de estudo",1700
"2021","1","Rio de Janeiro","Urbana","Mulher",21,"Branca",6,"12 anos de estudo",NA
"2021","1","Goiás","Urbana","Mulher",56,"Parda",2,"5 anos de estudo",NA
"2021","1","Piauí","Rural","Mulher",52,"Parda",2,"12 anos de estudo",900
"2021","1","Ceará","Urbana","Mulher",66,"Branca",3,"2 anos de estudo",NA
"2021","1","Rio Grande do Sul","Urbana","Homem",41,"Branca",2,"13 anos de estudo",3000
"2021","1","Santa Catarina","Rural","Homem",12,"Branca",6,"6 anos de estudo",NA
"2021","1","Minas Gerais","Rural","Homem",63,"Parda",1,"Sem instrução e menos de 1 ano de estudo",200
"2021","1","Ceará","Rural","Homem",17,"Branca",5,"12 anos de estudo",NA
"2021","1","Paraná","Urbana","Homem",17,"Branca",3,"12 anos de estudo",NA
"2021","1","Piauí","Urbana","Homem",6,"Branca",3,"Sem instrução e menos de 1 ano de estudo",NA
"2021","1","Piauí","Rural","Homem",42,"Parda",5,"6 anos de estudo",2000
"2021","1","Pernambuco","Urbana","Homem",13,"Branca",5,"7 anos de estudo",NA
"2021","1","Ceará","Urbana","Mulher",44,"Branca",2,"16 anos ou mais de estudo",NA
"2021","1","São Paulo","Urbana","Mulher",49,"Preta",3,"12 anos de estudo",NA
"2021","1","Pernambuco","Urbana","Homem",74,"Parda",3,"Sem instrução e menos de 1 ano de estudo",NA
"2021","1","Minas Gerais","Urbana","Homem",64,"Preta",3,"5 anos de estudo",NA
"2021","1","Rio Grande do Sul","Urbana","Homem",11,"Parda",5,"4 anos de estudo",NA
"2021","1","Amazonas","Urbana","Mulher",15,"Branca",4,"10 anos de estudo",NA
"2021","1","Maranhão","Urbana","Homem",23,"Parda",5,"12 anos de estudo",1100
"2021","1","Minas Gerais","Urbana","Mulher",43,"Parda",3,"16 anos ou mais de estudo",1800
"2021","1","Mato Grosso","Urbana","Homem",51,"Parda",2,"6 anos de estudo",1045
"2021","1","Rio de Janeiro","Urbana","Mulher",37,"Branca",1,"16 anos ou mais de estudo",1200
"2021","1","Alagoas","Rural","Homem",10,"Branca",2,"4 anos de estudo",NA
"2021","1","Tocantins","Rural","Mulher",23,"Parda",6,"13 anos de estudo",NA
"2021","1","Rio Grande do Sul","Urbana","Mulher",17,"Branca",4,"10 anos de estudo",NA
"2021","1","Santa Catarina","Rural","Mulher",35,"Parda",4,"12 anos de estudo",2500
"2021","1","Alagoas","Rural","Mulher",104,"Parda",1,"Sem instrução e menos de 1 ano de estudo",NA
"2021","1","Espírito Santo","Rural","Homem",0,"Parda",3,NA,NA
"2021","1","Alagoas","Urbana","Homem",10,"Parda",2,"4 anos de estudo",NA
"2021","1","Rio Grande do Sul","Urbana","Mulher",34,"Branca",3,"16 anos ou mais de estudo",2500
"2021","1","Minas Gerais","Rural","Homem",65,"Parda",3,"Sem instrução e menos de 1 ano de estudo",NA
"2021","1","Bahia","Rural","Mulher",24,"Parda",6,"3 anos de estudo",NA
"2021","1","Alagoas","Rural","Mulher",70,"Parda",2,"Sem instrução e menos de 1 ano de estudo",NA
"2021","1","Minas Gerais","Urbana","Mulher",15,"Parda",3,"8 anos de estudo",NA
"2021","1","Maranhão","Urbana","Mulher",19,"Preta",4,"12 anos de estudo",350
"2021","1","Rondônia","Urbana","Homem",41,"Parda",1,"12 anos de estudo",1100
"2021","1","Santa Catarina","Urbana","Homem",77,"Branca",2,"Sem instrução e menos de 1 ano de estudo",NA
"2021","1","Ceará","Urbana","Mulher",74,"Branca",1,"16 anos ou mais de estudo",200
"2021","1","Ceará","Urbana","Mulher",42,"Parda",3,"3 anos de estudo",520
"2021","1","Rio Grande do Sul","Rural","Homem",0,"Branca",3,NA,NA
"2021","1","São Paulo","Urbana","Mulher",34,"Branca",4,"14 anos de estudo",3200
"2021","1","São Paulo","Urbana","Homem",24,"Branca",6,"16 anos ou mais de estudo",NA
"2021","1","Rio Grande do Sul","Urbana","Mulher",20,"Branca",3,"13 anos de estudo",1000
"2021","1","São Paulo","Urbana","Homem",67,"Branca",2,"12 anos de estudo",8000
"2021","1","Mato Grosso do Sul","Urbana","Mulher",47,"Branca",6,"4 anos de estudo",1000
"2021","1","Minas Gerais","Urbana","Mulher",20,"Branca",5,"12 anos de estudo",1100
"2021","1","Piauí","Urbana","Mulher",4,"Branca",4,NA,NA
"2021","1","Minas Gerais","Urbana","Mulher",43,"Parda",3,"12 anos de estudo",NA
"2021","1","Tocantins","Urbana","Homem",6,"Preta",4,"1 ano de estudo",NA
"2021","1","Rio Grande do Sul","Rural","Homem",45,"Branca",4,"6 anos de estudo",1500
"2021","1","Paraíba","Urbana","Mulher",13,"Branca",6,"7 anos de estudo",NA
"2021","1","Maranhão","Urbana","Homem",40,"Parda",4,"12 anos de estudo",1100
"2021","1","Pará","Rural","Homem",6,"Parda",6,"Sem instrução e menos de 1 ano de estudo",NA
"2021","1","Ceará","Rural","Mulher",37,"Parda",6,"1 ano de estudo",NA
"2021","1","Piauí","Rural","Mulher",34,"Parda",4,"12 anos de estudo",NA
"2021","1","Paraná","Urbana","Homem",50,"Branca",3,"12 anos de estudo",1790
"2021","1","Rio Grande do Sul","Urbana","Mulher",6,"Preta",3,"1 ano de estudo",NA
"2021","1","Espírito Santo","Urbana","Mulher",42,"Parda",4,"12 anos de estudo",1550
"2021","1","Paraná","Urbana","Mulher",11,"Branca",6,"5 anos de estudo",NA
"2021","1","São Paulo","Urbana","Mulher",18,"Branca",4,"12 anos de estudo",1000
"2021","1","São Paulo","Urbana","Mulher",72,"Branca",1,"3 anos de estudo",NA
"2021","1","Distrito Federal","Urbana","Mulher",28,"Parda",5,"12 anos de estudo",1200
"2021","1","Piauí","Rural","Homem",18,"Parda",5,"11 anos de estudo",1500
"2021","1","Paraná","Urbana","Mulher",39,"Branca",1,"16 anos ou mais de estudo",NA
"2021","1","Rio de Janeiro","Urbana","Mulher",62,"Branca",3,"4 anos de estudo",NA
"2021","1","Pará","Urbana","Homem",27,"Parda",3,"16 anos ou mais de estudo",NA
"2021","1","Espírito Santo","Urbana","Homem",57,"Parda",2,"16 anos ou mais de estudo",NA
"2021","1","Ceará","Urbana","Mulher",67,"Preta",1,"16 anos ou mais de estudo",NA
"2021","1","Bahia","Rural","Homem",20,"Parda",5,"8 anos de estudo",NA
"2021","1","São Paulo","Rural","Homem",66,"Parda",8,"1 ano de estudo",NA
"2021","1","Roraima","Urbana","Mulher",33,"Parda",2,"12 anos de estudo",2500
"2021","1","Mato Grosso do Sul","Urbana","Homem",38,"Amarela",4,"16 anos ou mais de estudo",2000
"2021","1","São Paulo","Urbana","Mulher",47,"Branca",2,"16 anos ou mais de estudo",5000
"2021","1","Rio de Janeiro","Urbana","Mulher",6,"Parda",5,"Sem instrução e menos de 1 ano de estudo",NA
"2021","1","Pernambuco","Rural","Mulher",0,"Branca",6,NA,NA
"2021","1","Maranhão","Rural","Homem",79,"Branca",5,"Sem instrução e menos de 1 ano de estudo",NA
"2021","1","Mato Grosso do Sul","Rural","Mulher",18,"Branca",4,"12 anos de estudo",NA
"2021","1","Bahia","Urbana","Homem",69,"Branca",2,"Sem instrução e menos de 1 ano de estudo",NA
"2021","1","Paraíba","Urbana","Mulher",0,"Branca",3,NA,NA
"2021","1","Rio de Janeiro","Urbana","Mulher",29,"Branca",5,"9 anos de estudo",1200
"2021","1","Rio de Janeiro","Urbana","Homem",50,"Branca",4,"12 anos de estudo",5000
"2021","1","Rio Grande do Sul","Rural","Mulher",87,"Branca",2,"3 anos de estudo",NA
"2021","1","Maranhão","Rural","Homem",44,"Parda",2,"4 anos de estudo",900
"2021","1","Santa Catarina","Rural","Mulher",61,"Branca",2,"4 anos de estudo",600
"2021","1","Maranhão","Rural","Mulher",37,"Parda",5,"9 anos de estudo",NA
"2021","1","Paraná","Urbana","Homem",1,"Branca",4,NA,NA
"2021","1","Mato Grosso do Sul","Urbana","Homem",12,"Parda",10,"6 anos de estudo",NA
"2021","1","Alagoas","Urbana","Homem",53,"Parda",4,"16 anos ou mais de estudo",NA
"2021","1","Pernambuco","Urbana","Mulher",50,"Branca",3,"7 anos de estudo",NA
"2021","1","Distrito Federal","Urbana","Homem",14,"Parda",3,"8 anos de estudo",NA
"2021","1","Rio Grande do Sul","Rural","Homem",66,"Parda",4,"6 anos de estudo",900
"2021","1","Rio Grande do Sul","Urbana","Homem",43,"Branca",3,"12 anos de estudo",7000
"2021","1","Pernambuco","Rural","Mulher",25,"Parda",2,"12 anos de estudo",NA
"2021","1","Tocantins","Rural","Homem",69,"Preta",2,"5 anos de estudo",250
"2021","1","Maranhão","Urbana","Homem",35,"Parda",3,"6 anos de estudo",350
"2021","1","Pernambuco","Urbana","Homem",20,"Parda",4,"14 anos de estudo",NA
"2021","1","Minas Gerais","Rural","Homem",39,"Parda",3,"6 anos de estudo",500
"2021","1","Santa Catarina","Urbana","Homem",55,"Branca",2,"13 anos de estudo",8000
"2021","1","Ceará","Rural","Homem",22,"Parda",9,"12 anos de estudo",350
"2021","1","Mato Grosso do Sul","Urbana","Homem",67,"Branca",3,"9 anos de estudo",NA
"2021","1","Rio de Janeiro","Urbana","Mulher",37,"Parda",2,"16 anos ou mais de estudo",1900
"2021","1","Minas Gerais","Rural","Mulher",66,"Branca",5,"4 anos de estudo",NA
"2021","1","Mato Grosso do Sul","Urbana","Mulher",12,"Branca",4,"6 anos de estudo",NA
"2021","1","Maranhão","Rural","Homem",86,"Preta",2,"Sem instrução e menos de 1 ano de estudo",NA
"2021","1","Alagoas","Rural","Mulher",19,"Parda",6,"7 anos de estudo",NA
"2021","1","Distrito Federal","Urbana","Mulher",32,"Branca",3,"15 anos de estudo",3000
"2021","1","Rio Grande do Sul","Rural","Homem",76,"Branca",6,"5 anos de estudo",NA
"2021","1","Rio Grande do Norte","Urbana","Homem",50,"Preta",2,"16 anos ou mais de estudo",12000
"2021","1","Minas Gerais","Rural","Mulher",63,"Branca",2,"4 anos de estudo",NA
"2021","1","Paraná","Urbana","Homem",1,"Parda",5,NA,NA
"2021","1","Distrito Federal","Rural","Homem",58,"Preta",4,"9 anos de estudo",2000
"2021","1","Alagoas","Rural","Mulher",57,"Parda",2,"2 anos de estudo",NA
"2021","1","São Paulo","Urbana","Mulher",5,"Branca",3,"Sem instrução e menos de 1 ano de estudo",NA
"2021","1","Espírito Santo","Urbana","Mulher",6,"Parda",5,"Sem instrução e menos de 1 ano de estudo",NA
"2021","1","Bahia","Rural","Mulher",46,"Parda",3,"8 anos de estudo",NA
"2021","1","Ceará","Urbana","Homem",28,"Parda",3,"12 anos de estudo",2500
"2021","1","Paraná","Urbana","Homem",96,"Amarela",5,"Sem instrução e menos de 1 ano de estudo",NA
"2021","1","Pernambuco","Urbana","Homem",18,"Preta",3,"13 anos de estudo",NA
"2021","1","Pará","Rural","Homem",22,"Parda",2,"11 anos de estudo",800
"2021","1","Rio de Janeiro","Urbana","Mulher",0,"Branca",3,NA,NA
"2021","1","São Paulo","Urbana","Mulher",88,"Branca",2,"15 anos de estudo",NA
"2021","1","Santa Catarina","Urbana","Homem",62,"Branca",2,"7 anos de estudo",NA
"2021","1","Rio de Janeiro","Urbana","Mulher",72,"Parda",4,"3 anos de estudo",NA
"2021","1","São Paulo","Urbana","Homem",21,"Parda",2,"12 anos de estudo",NA
"2021","1","Maranhão","Urbana","Mulher",21,"Branca",4,"12 anos de estudo",NA
"2021","1","Paraná","Urbana","Homem",31,"Branca",3,"12 anos de estudo",1000
"2021","1","São Paulo","Urbana","Mulher",14,"Branca",4,"8 anos de estudo",NA
"2021","1","Minas Gerais","Rural","Mulher",6,"Parda",3,"Sem instrução e menos de 1 ano de estudo",NA
"2021","1","Amazonas","Rural","Homem",47,"Parda",4,"5 anos de estudo",800
"2021","1","Santa Catarina","Urbana","Homem",59,"Branca",2,"12 anos de estudo",1606
"2021","1","Bahia","Rural","Homem",6,"Parda",2,"Sem instrução e menos de 1 ano de estudo",NA
"2021","1","São Paulo","Urbana","Homem",30,"Branca",4,"12 anos de estudo",1300
"2021","1","Rio Grande do Sul","Rural","Homem",39,"Branca",5,"12 anos de estudo",4000
"2021","1","Piauí","Urbana","Mulher",58,"Parda",7,"6 anos de estudo",NA
"2021","1","São Paulo","Urbana","Mulher",79,"Branca",2,"3 anos de estudo",NA
"2021","1","Rio de Janeiro","Urbana","Mulher",66,"Preta",2,"12 anos de estudo",NA
"2021","1","Maranhão","Urbana","Homem",22,"Parda",3,"12 anos de estudo",300
"2021","1","Alagoas","Urbana","Mulher",34,"Branca",7,"13 anos de estudo",NA
"2021","1","Bahia","Rural","Homem",30,"Indígena",4,"10 anos de estudo",NA
"2021","1","Espírito Santo","Urbana","Homem",30,"Parda",4,"12 anos de estudo",1808
"2021","1","Mato Grosso do Sul","Urbana","Homem",54,"Parda",3,"12 anos de estudo",2000
"2021","1","Tocantins","Urbana","Homem",61,"Parda",2,"16 anos ou mais de estudo",5300
"2021","1","Mato Grosso do Sul","Urbana","Homem",16,"Branca",5,"11 anos de estudo",650
"2021","1","São Paulo","Urbana","Mulher",60,"Preta",2,"5 anos de estudo",NA
"2021","1","Pernambuco","Urbana","Mulher",35,"Parda",2,"14 anos de estudo",NA
"2021","1","Mato Grosso","Urbana","Homem",64,"Parda",2,"8 anos de estudo",2300
"2021","1","Bahia","Urbana","Homem",71,"Branca",2,"8 anos de estudo",NA
"2021","1","Ceará","Urbana","Homem",17,"Branca",6,"9 anos de estudo",NA
"2021","1","Pernambuco","Urbana","Mulher",56,"Branca",1,"5 anos de estudo",NA
"2021","1","São Paulo","Rural","Homem",29,"Preta",3,"14 anos de estudo",1800
"2021","1","Espírito Santo","Urbana","Homem",66,"Parda",4,"Sem instrução e menos de 1 ano de estudo",NA
"2021","1","Tocantins","Urbana","Homem",31,"Amarela",2,"12 anos de estudo",1700
"2021","1","São Paulo","Urbana","Mulher",69,"Parda",1,"9 anos de estudo",NA
"2021","1","Santa Catarina","Urbana","Mulher",45,"Branca",3,"14 anos de estudo",2000
"2021","1","Acre","Urbana","Mulher",42,"Parda",6,"12 anos de estudo",1100
"2021","1","São Paulo","Rural","Homem",41,"Parda",3,"6 anos de estudo",NA
"2021","1","Goiás","Urbana","Mulher",70,"Branca",4,"8 anos de estudo",NA
"2021","1","Alagoas","Urbana","Homem",36,"Branca",2,"12 anos de estudo",1100
"2021","1","Pará","Urbana","Homem",65,"Parda",2,"16 anos ou mais de estudo",3000
"2021","1","Ceará","Urbana","Homem",53,"Parda",3,"16 anos ou mais de estudo",1100
"2021","1","Santa Catarina","Rural","Mulher",32,"Branca",2,"12 anos de estudo",1400
"2021","1","Piauí","Urbana","Homem",20,"Parda",5,"12 anos de estudo",NA
"2021","1","Goiás","Rural","Mulher",50,"Parda",4,"6 anos de estudo",NA
"2021","1","Rio Grande do Norte","Urbana","Mulher",21,"Parda",3,"4 anos de estudo",NA
"2021","1","Alagoas","Urbana","Mulher",6,"Branca",5,"Sem instrução e menos de 1 ano de estudo",NA
"2021","1","Paraíba","Urbana","Homem",30,"Branca",6,"14 anos de estudo",1100
"2021","1","Rio Grande do Sul","Urbana","Mulher",42,"Branca",4,"16 anos ou mais de estudo",9100
"2021","1","Maranhão","Rural","Mulher",50,"Parda",5,"1 ano de estudo",NA
"2021","1","Piauí","Urbana","Mulher",14,"Branca",3,"7 anos de estudo",NA
"2021","1","Espírito Santo","Rural","Mulher",70,"Branca",4,"6 anos de estudo",NA
"2021","1","Amazonas","Urbana","Homem",12,"Parda",7,"7 anos de estudo",NA
"2021","1","Piauí","Urbana","Homem",31,"Parda",3,"12 anos de estudo",1200
"2021","1","Rio Grande do Norte","Rural","Mulher",72,"Parda",2,"Sem instrução e menos de 1 ano de estudo",NA
"2021","1","Espírito Santo","Urbana","Mulher",20,"Preta",4,"8 anos de estudo",NA
"2021","1","Espírito Santo","Urbana","Mulher",34,"Parda",4,"12 anos de estudo",1100
"2021","1","Minas Gerais","Urbana","Mulher",10,"Parda",4,"3 anos de estudo",NA
"2021","1","São Paulo","Urbana","Homem",17,"Branca",5,"11 anos de estudo",NA
"2021","1","Rio de Janeiro","Urbana","Homem",41,"Branca",4,"16 anos ou mais de estudo",3500
"2021","1","Minas Gerais","Urbana","Mulher",79,"Parda",3,"5 anos de estudo",NA
"2021","1","Ceará","Rural","Homem",23,"Parda",2,"11 anos de estudo",NA
"2021","1","Santa Catarina","Urbana","Homem",10,"Branca",3,"4 anos de estudo",NA
"2021","1","Alagoas","Rural","Mulher",48,"Parda",2,"1 ano de estudo",NA
"2021","1","Paraná","Urbana","Mulher",54,"Preta",5,"12 anos de estudo",NA
"2021","1","Ceará","Urbana","Homem",61,"Parda",4,"Sem instrução e menos de 1 ano de estudo",NA
"2021","1","Acre","Rural","Mulher",26,"Parda",4,"16 anos ou mais de estudo",NA
"2021","1","Tocantins","Urbana","Homem",16,"Branca",3,"9 anos de estudo",NA
"2021","1","Espírito Santo","Urbana","Homem",63,"Parda",1,"5 anos de estudo",NA
"2021","1","Pará","Urbana","Mulher",9,"Parda",4,"3 anos de estudo",NA
"2021","1","Santa Catarina","Rural","Homem",40,"Branca",4,"12 anos de estudo",1100
"2021","1","Alagoas","Urbana","Homem",15,"Parda",4,"8 anos de estudo",NA
"2021","1","Minas Gerais","Urbana","Homem",63,"Branca",5,"16 anos ou mais de estudo",3000
"2021","1","Tocantins","Rural","Mulher",9,"Parda",6,"Sem instrução e menos de 1 ano de estudo",NA
"2021","1","Bahia","Rural","Homem",10,"Parda",3,"4 anos de estudo",NA
"2021","1","Rio Grande do Sul","Rural","Mulher",47,"Branca",3,"12 anos de estudo",1100
"2021","1","Minas Gerais","Rural","Homem",32,"Parda",2,"11 anos de estudo",1300
"2021","1","Minas Gerais","Urbana","Mulher",33,"Branca",6,"10 anos de estudo",1300
"2021","1","Acre","Urbana","Mulher",46,"Parda",7,"9 anos de estudo",NA
"2021","1","Bahia","Urbana","Homem",65,"Parda",3,"9 anos de estudo",NA
"2021","1","Maranhão","Urbana","Mulher",46,"Preta",3,"12 anos de estudo",1100
"2021","1","São Paulo","Rural","Homem",40,"Parda",4,"5 anos de estudo",1045
"2021","1","Pará","Urbana","Mulher",1,"Parda",4,NA,NA
"2021","1","Espírito Santo","Urbana","Homem",66,"Parda",3,"5 anos de estudo",2000
"2021","1","Rondônia","Urbana","Mulher",15,"Branca",4,"8 anos de estudo",300
"2021","1","Pernambuco","Urbana","Homem",33,"Branca",4,"12 anos de estudo",1500
"2021","1","Pernambuco","Urbana","Mulher",3,"Parda",5,NA,NA
"2021","1","Rio Grande do Sul","Urbana","Homem",46,"Branca",3,"7 anos de estudo",1900
"2021","1","Espírito Santo","Rural","Homem",27,"Branca",3,"9 anos de estudo",NA
"2021","1","Roraima","Rural","Homem",17,"Parda",4,"9 anos de estudo",NA
"2021","1","Goiás","Urbana","Mulher",40,"Branca",4,"16 anos ou mais de estudo",5000
"2021","1","Ceará","Rural","Homem",14,"Branca",4,"9 anos de estudo",NA
"2021","1","Rondônia","Urbana","Mulher",45,"Parda",2,"15 anos de estudo",1500
"2021","1","Rio Grande do Sul","Urbana","Mulher",45,"Branca",4,"16 anos ou mais de estudo",3000
"2021","1","Minas Gerais","Urbana","Mulher",48,"Branca",2,"9 anos de estudo",1100
"2021","1","São Paulo","Urbana","Mulher",72,"Branca",2,"Sem instrução e menos de 1 ano de estudo",NA
"2021","1","Amazonas","Urbana","Mulher",59,"Parda",4,"4 anos de estudo",NA
"2021","1","Espírito Santo","Urbana","Mulher",54,"Parda",5,"12 anos de estudo",600
"2021","1","Minas Gerais","Rural","Homem",13,"Branca",3,"5 anos de estudo",NA
"2021","1","Ceará","Urbana","Homem",17,"Parda",5,"8 anos de estudo",NA
"2021","1","Rio Grande do Norte","Urbana","Mulher",45,"Parda",3,"5 anos de estudo",NA
"2021","1","Rio de Janeiro","Urbana","Homem",66,"Branca",1,"16 anos ou mais de estudo",NA
"2021","1","São Paulo","Urbana","Mulher",63,"Parda",2,"5 anos de estudo",NA
"2021","1","Rio Grande do Norte","Urbana","Homem",28,"Branca",3,"13 anos de estudo",600
"2021","1","Rio de Janeiro","Urbana","Homem",15,"Branca",4,"8 anos de estudo",NA
"2021","1","Minas Gerais","Rural","Homem",45,"Parda",3,"3 anos de estudo",NA
"2021","1","Amazonas","Urbana","Homem",6,"Parda",4,"Sem instrução e menos de 1 ano de estudo",NA
"2021","1","Mato Grosso do Sul","Urbana","Homem",26,"Parda",4,"16 anos ou mais de estudo",4000
"2021","1","Santa Catarina","Urbana","Mulher",21,"Parda",3,"14 anos de estudo",NA
"2021","1","Minas Gerais","Urbana","Mulher",45,"Parda",3,"16 anos ou mais de estudo",2000
"2021","1","Ceará","Urbana","Homem",22,"Preta",5,"13 anos de estudo",1045
"2021","1","Paraná","Urbana","Mulher",17,"Branca",3,"10 anos de estudo",NA
"2021","1","Minas Gerais","Urbana","Homem",52,"Parda",2,"2 anos de estudo",600
"2021","1","Bahia","Urbana","Mulher",26,"Parda",3,"12 anos de estudo",200
"2021","1","Ceará","Urbana","Homem",30,"Branca",4,"9 anos de estudo",1100
"2021","1","Minas Gerais","Urbana","Mulher",29,"Branca",3,"16 anos ou mais de estudo",1500
"2021","1","São Paulo","Urbana","Homem",3,"Branca",3,NA,NA
"2021","1","Maranhão","Urbana","Mulher",9,"Parda",4,"4 anos de estudo",NA
"2021","1","Bahia","Urbana","Mulher",63,"Preta",2,"12 anos de estudo",NA
"2021","1","Minas Gerais","Urbana","Homem",64,"Branca",2,"16 anos ou mais de estudo",NA
"2021","1","Maranhão","Rural","Homem",43,"Parda",5,"9 anos de estudo",1000
"2021","1","Acre","Urbana","Mulher",18,"Branca",2,"14 anos de estudo",NA
"2021","1","São Paulo","Urbana","Homem",1,"Branca",4,NA,NA
"2021","1","Rio de Janeiro","Urbana","Mulher",42,"Parda",2,"4 anos de estudo",5000
"2021","1","Goiás","Urbana","Mulher",42,"Parda",4,"12 anos de estudo",1100
"2021","1","Pará","Urbana","Mulher",16,"Branca",5,"10 anos de estudo",NA
"2021","1","Rio Grande do Sul","Urbana","Homem",67,"Branca",2,"16 anos ou mais de estudo",NA
"2021","1","Roraima","Urbana","Mulher",37,"Branca",4,"16 anos ou mais de estudo",8000
"2021","1","Piauí","Urbana","Homem",40,"Parda",6,"10 anos de estudo",1100
"2021","1","Minas Gerais","Urbana","Homem",7,"Parda",2,"2 anos de estudo",NA
"2021","1","São Paulo","Urbana","Mulher",12,"Branca",4,"6 anos de estudo",NA
"2021","1","Santa Catarina","Urbana","Mulher",5,"Branca",3,"Sem instrução e menos de 1 ano de estudo",NA
"2021","1","Ceará","Urbana","Mulher",18,"Branca",9,"8 anos de estudo",NA
"2021","1","São Paulo","Urbana","Homem",9,"Branca",4,"3 anos de estudo",NA
"2021","1","Espírito Santo","Urbana","Homem",28,"Parda",5,"9 anos de estudo",1100
"2021","1","Bahia","Urbana","Mulher",41,"Parda",3,"5 anos de estudo",NA
"2021","1","Alagoas","Rural","Mulher",5,"Branca",4,"Sem instrução e menos de 1 ano de estudo",NA
"2021","1","Santa Catarina","Urbana","Homem",0,"Branca",3,NA,NA
"2021","1","Rio Grande do Sul","Urbana","Mulher",55,"Branca",2,"9 anos de estudo",1000
"2021","1","São Paulo","Urbana","Homem",47,"Preta",6,"12 anos de estudo",1500
"2021","1","Pernambuco","Urbana","Homem",48,"Preta",5,"5 anos de estudo",1200
"2021","1","Bahia","Urbana","Mulher",9,"Branca",5,"3 anos de estudo",NA
"2021","1","Paraná","Urbana","Homem",27,"Branca",2,"12 anos de estudo",2000
"2021","1","Goiás","Rural","Mulher",35,"Parda",4,"12 anos de estudo",1500
"2021","1","Mato Grosso","Urbana","Homem",26,"Branca",2,"16 anos ou mais de estudo",1800
"2021","1","Paraíba","Urbana","Mulher",48,"Branca",3,"9 anos de estudo",50
"2021","1","Rio Grande do Sul","Urbana","Homem",44,"Branca",4,"12 anos de estudo",1500
"2021","1","Maranhão","Urbana","Mulher",4,"Branca",5,NA,NA
"2021","1","Maranhão","Urbana","Mulher",21,"Parda",7,"9 anos de estudo",NA
"2021","1","Bahia","Rural","Mulher",73,"Parda",4,"Sem instrução e menos de 1 ano de estudo",NA
"2021","1","Paraná","Urbana","Mulher",39,"Branca",2,"12 anos de estudo",1200
"2021","1","Pará","Urbana","Homem",6,"Parda",6,"Sem instrução e menos de 1 ano de estudo",NA
"2021","1","Paraná","Urbana","Mulher",55,"Branca",2,"11 anos de estudo",1500
"2021","1","Espírito Santo","Urbana","Mulher",82,"Parda",2,"5 anos de estudo",NA
"2021","1","Pernambuco","Urbana","Homem",66,"Branca",2,"6 anos de estudo",NA
"2021","1","São Paulo","Urbana","Homem",40,"Amarela",4,"16 anos ou mais de estudo",6500
"2021","1","Minas Gerais","Urbana","Homem",51,"Parda",2,"9 anos de estudo",1045
"2021","1","Rio de Janeiro","Urbana","Mulher",64,"Branca",2,"5 anos de estudo",NA
"2021","1","Minas Gerais","Urbana","Homem",64,"Branca",1,"16 anos ou mais de estudo",7000
"2021","1","Ceará","Rural","Homem",32,"Parda",4,"12 anos de estudo",50
"2021","1","Alagoas","Rural","Mulher",44,"Parda",3,"2 anos de estudo",NA
"2021","1","São Paulo","Urbana","Homem",75,"Branca",3,"5 anos de estudo",NA
"2021","1","Pernambuco","Urbana","Homem",36,"Parda",3,"16 anos ou mais de estudo",1100
"2021","1","Mato Grosso","Urbana","Homem",13,"Branca",2,"7 anos de estudo",NA
"2021","1","Maranhão","Urbana","Mulher",55,"Parda",3,"4 anos de estudo",3000
"2021","1","Sergipe","Urbana","Mulher",73,"Parda",1,"1 ano de estudo",NA
"2021","1","Rio de Janeiro","Rural","Mulher",69,"Branca",2,"4 anos de estudo",NA
"2021","1","São Paulo","Urbana","Mulher",81,"Parda",1,"4 anos de estudo",NA
"2021","1","Alagoas","Urbana","Homem",30,"Parda",4,"12 anos de estudo",1100
"2021","1","Rio Grande do Norte","Rural","Mulher",53,"Parda",4,"4 anos de estudo",NA
"2021","1","Rio Grande do Sul","Rural","Homem",7,"Branca",3,"1 ano de estudo",NA
"2021","1","Rio Grande do Sul","Rural","Homem",27,"Branca",3,"9 anos de estudo",1613
"2021","1","Ceará","Rural","Homem",18,"Branca",3,"10 anos de estudo",1000
"2021","1","Rio de Janeiro","Urbana","Mulher",33,"Branca",2,"16 anos ou mais de estudo",NA
"2021","1","Mato Grosso do Sul","Rural","Homem",35,"Branca",1,"12 anos de estudo",800
"2021","1","Paraná","Urbana","Homem",54,"Branca",1,"3 anos de estudo",NA
"2021","1","Ceará","Urbana","Homem",32,"Parda",2,"12 anos de estudo",400
"2021","1","Bahia","Urbana","Homem",13,"Parda",6,"5 anos de estudo",NA
"2021","1","Rio Grande do Norte","Urbana","Homem",2,"Branca",4,NA,NA
"2021","1","Minas Gerais","Urbana","Mulher",12,"Branca",4,"7 anos de estudo",NA
"2021","1","Minas Gerais","Rural","Mulher",15,"Parda",6,"8 anos de estudo",NA
"2021","1","Goiás","Urbana","Homem",7,"Branca",6,"Sem instrução e menos de 1 ano de estudo",NA
"2021","1","Acre","Urbana","Mulher",4,"Parda",4,NA,NA
"2021","1","Maranhão","Rural","Mulher",45,"Parda",4,"9 anos de estudo",500
"2021","1","Rio Grande do Sul","Urbana","Homem",62,"Branca",2,"15 anos de estudo",2500
"2021","1","Minas Gerais","Urbana","Mulher",23,"Branca",5,"16 anos ou mais de estudo",NA
"2021","1","Mato Grosso","Rural","Homem",32,"Parda",3,"8 anos de estudo",2000
"2021","1","Rio Grande do Sul","Rural","Homem",30,"Parda",4,"11 anos de estudo",1500
"2021","1","São Paulo","Urbana","Mulher",36,"Branca",4,"16 anos ou mais de estudo",4500
"2021","1","Paraná","Urbana","Homem",44,"Parda",3,"12 anos de estudo",2400
"2021","1","Paraná","Urbana","Mulher",58,"Branca",2,"1 ano de estudo",NA
"2021","1","Santa Catarina","Urbana","Mulher",79,"Branca",2,"2 anos de estudo",NA
"2021","1","Pará","Urbana","Homem",4,"Preta",5,NA,NA
"2021","1","Minas Gerais","Rural","Mulher",61,"Branca",2,"5 anos de estudo",NA
"2021","1","Minas Gerais","Rural","Homem",58,"Parda",3,"Sem instrução e menos de 1 ano de estudo",NA
"2021","1","Roraima","Urbana","Mulher",9,"Parda",4,"2 anos de estudo",NA
"2021","1","Minas Gerais","Urbana","Homem",45,"Preta",3,"16 anos ou mais de estudo",2000
"2021","1","Rio de Janeiro","Urbana","Mulher",61,"Branca",2,"12 anos de estudo",NA
"2021","1","São Paulo","Urbana","Mulher",77,"Branca",3,"5 anos de estudo",NA
"2021","1","Rio de Janeiro","Urbana","Mulher",33,"Parda",3,"16 anos ou mais de estudo",1900
"2021","1","Minas Gerais","Urbana","Homem",2,"Branca",3,NA,NA
"2021","1","Bahia","Rural","Mulher",10,"Preta",7,"3 anos de estudo",NA
"2021","1","Santa Catarina","Urbana","Homem",81,"Branca",2,"4 anos de estudo",NA
"2021","1","Bahia","Urbana","Homem",22,"Parda",4,"5 anos de estudo",400
"2021","1","Pernambuco","Urbana","Homem",59,"Preta",6,"12 anos de estudo",1700
"2021","1","Mato Grosso","Rural","Homem",6,"Parda",4,"Sem instrução e menos de 1 ano de estudo",NA
"2021","1","São Paulo","Urbana","Homem",61,"Parda",2,"9 anos de estudo",2000
"2021","1","Pará","Urbana","Homem",11,"Parda",7,"5 anos de estudo",NA
"2021","1","Alagoas","Urbana","Mulher",59,"Parda",2,"9 anos de estudo",NA
"2021","1","Rio de Janeiro","Urbana","Homem",42,"Parda",4,"12 anos de estudo",NA
"2021","1","Rio Grande do Sul","Urbana","Homem",60,"Branca",1,"6 anos de estudo",NA
"2021","1","Espírito Santo","Urbana","Homem",42,"Branca",4,"16 anos ou mais de estudo",3600
"2021","1","São Paulo","Urbana","Mulher",45,"Parda",2,"16 anos ou mais de estudo",4500
"2021","1","Amapá","Urbana","Mulher",7,"Parda",5,"1 ano de estudo",NA
"2021","1","São Paulo","Urbana","Homem",61,"Branca",3,"12 anos de estudo",NA
"2021","1","Ceará","Urbana","Mulher",51,"Branca",4,"9 anos de estudo",NA
"2021","1","Alagoas","Urbana","Homem",20,"Parda",4,"8 anos de estudo",NA
"2021","1","Ceará","Urbana","Homem",11,"Parda",4,"6 anos de estudo",NA
"2021","1","Minas Gerais","Rural","Homem",44,"Branca",2,"9 anos de estudo",1500
"2021","1","Espírito Santo","Urbana","Mulher",65,"Branca",5,"15 anos de estudo",NA
"2021","1","Maranhão","Rural","Mulher",25,"Branca",4,"12 anos de estudo",NA
"2021","1","Rio Grande do Sul","Rural","Mulher",65,"Branca",4,"6 anos de estudo",2500
"2021","1","Rio de Janeiro","Urbana","Mulher",40,"Parda",4,"13 anos de estudo",NA
"2021","1","Bahia","Urbana","Homem",45,"Parda",5,"6 anos de estudo",1100
"2021","1","Amapá","Urbana","Homem",31,"Preta",4,"12 anos de estudo",1100
"2021","1","Goiás","Urbana","Mulher",29,"Parda",5,"7 anos de estudo",NA
"2021","1","Paraná","Urbana","Homem",8,"Branca",4,"2 anos de estudo",NA
"2021","1","Amazonas","Urbana","Homem",46,"Branca",3,"9 anos de estudo",1500
"2021","1","Maranhão","Rural","Mulher",57,"Parda",2,"7 anos de estudo",300
"2021","1","Ceará","Urbana","Mulher",38,"Parda",3,"16 anos ou mais de estudo",NA
"2021","1","Bahia","Rural","Mulher",15,"Preta",3,"8 anos de estudo",NA
"2021","1","Amazonas","Rural","Mulher",32,"Parda",3,"12 anos de estudo",NA
"2021","1","Maranhão","Urbana","Homem",69,"Parda",3,"3 anos de estudo",NA
"2021","1","Ceará","Urbana","Homem",33,"Branca",6,"12 anos de estudo",1000
"2021","1","Goiás","Urbana","Homem",58,"Parda",3,"16 anos ou mais de estudo",7000
"2021","1","Santa Catarina","Rural","Homem",66,"Branca",2,"5 anos de estudo",1000
